sample	barcode
rep1	GAATCTGGTTGGGAAC-1
rep1	GTCACAAAGAGCGAAA-1
rep1	AACGGGACATGGGACA-1
rep1	AATGTCGTCGACTATG-1
rep1	GACCCAGGTACTTCAG-1
rep1	GTAATCGGTCTGCGCA-1
rep1	GCAGCCAGTGGACAGT-1
rep1	GATGGCCTCGGTTCCT-1
rep1	TTAACGGTCCCGAAGC-1
rep1	TGCATTTTCAGTGTAC-1
rep1	TGCATTTCAGGTAGGT-1
rep1	GCTTGCTGTCACAGTT-1
rep1	GGCACGTAGTCATACC-1
rep1	TTTGAGGAGTCATACC-1
rep1	GTTGGTAAGTCTGGGA-1
rep1	AACGGGATCCAAGTCA-1
rep1	GCAAAGGGTTTCAGCA-1
rep1	TCAAGGTGTGACAAGC-1
rep1	CACCACTCAGCGTACC-1
rep1	GAATCTGAGGCTCCTG-1
rep1	GGAACCCGTCACTCTC-1
rep1	AGCTATGCACGTACAT-1
rep1	CAGTATGCAGCTGATT-1
rep1	CAGTATGGTTGGGAAC-1
rep1	CAAGGCCCATCAGCTA-1
rep1	CCCACATAGGTAGGCT-1
rep1	ATTGTGGAGCCAGAAC-1
rep1	CTTCTAATCCAATAGC-1
rep1	GTTCAAGGTGCAAAGC-1
rep1	CCGCATTGTTTCTTAC-1
rep1	CTCAGCTCAAGGGTAC-1
rep1	GAACGTTTCTGGTACA-1
rep1	AACCTGAAGACCATAA-1
rep1	CGTACAACAAACTACC-1
rep1	TTAGCTTTCGGTCGAC-1
rep1	GCTGCGATCGGTCGAC-1
rep1	GGTACCGTCCATAGGT-1
rep1	TAATCGGTCGAAGCCC-1
rep1	ACTGCGGAGCCTGGTC-1
rep1	AAACGAACACCTCGTT-1
rep1	CGCGCAAAGGCAATTA-1
rep1	AGTTACGGTCTGGTTA-1
rep1	TCAATTCCAGCAACAG-1
rep1	CGCACAGCAGATTTGC-1
rep1	ACAAGCTAGTTGACAA-1
rep1	GGGCCATTCGCGGCAT-1
rep1	TACGCCTTCTATATCC-1
rep1	GAGTGAGGTGAGTAAT-1
rep1	ATGTACGAGGAATGGA-1
rep1	GACTAACAGAAGACTT-1
rep1	GGAGTAGAGTCTGTGT-1
rep1	TTGAGCACAAGACACG-1
rep1	GATGATCTCTGCTACC-1
rep1	TTGCGAAAGTTGCGCC-1
rep1	CTAGGATTCATTGCCC-1
rep1	ATGTCTTCAGCAACAG-1
rep1	CACTAAGCATCAGAAA-1
rep1	CATAACGAGAAATCTG-1
rep1	GAAAGTATCAGTTGAC-1
rep1	AGCCCGAAGCTAACAA-1
rep1	GTGCACGTCCTGTAGA-1
rep1	GGGTTATCATCACAGT-1
rep1	TCAAAGCAGTCCGATT-1
rep1	AGTCAACTCTCATCCG-1
rep1	ACCGGGTTCTGAGTCA-1
rep1	CATGTTTCAGCGTCGT-1
rep1	CCAGAATAGCCCATTA-1
rep1	CAGTGTAAGGCCTCGT-1
rep1	TTCGTTAGTCATTGCA-1
rep1	ACGGATTGTAACGGAC-1
rep1	CTACTTAGTCTGGGAA-1
rep1	TCTCTGGGTAACGGTG-1
rep1	TCAAGACAGAGCCTGA-1
rep1	GCAACCGGTAGCCATT-1
rep1	AGGCGTCAGAGCCACA-1
rep1	CAGCTAAGTTGGCGAA-1
rep1	CTTCTAATCACTCGTC-1
rep1	TCAAAGCAGCATACCT-1
rep1	CGCAGGTAGGTCGGTA-1
rep1	GGGAACAAGGAAACTT-1
rep1	TTCGTTAAGGCAATTA-1
rep1	AGCTGATAGCCGCTGT-1
rep1	CGTGGCAAGGTTAACA-1
rep1	AACTTGGCAATTAGGA-1
rep1	TACATTCGTATTCGCA-1
rep1	AGTTACGCATTAACGC-1
rep1	CCCTGATCAAGTAACA-1
rep1	GTTATGGTCCAACAAC-1
rep1	GGCATTAAGTAACATG-1
rep1	TTGTCTATCTCTGCGT-1
rep1	ACAAAGAAGATTGACA-1
rep1	TCAATTCGTGACCAGA-1
rep1	ATGGATCAGACGCCAA-1
rep1	CAACGTAAGTCAACTC-1
rep1	TGGCGCACAAAGGTCG-1
rep1	AGCTGGCGTAGCAGCA-1
rep1	TTACTTGCATACTGCA-1
rep1	CAGCCTTGTTATCGAC-1
rep1	TAGTCCCGTTTCCACC-1
rep1	CAACGGCCACACGGTC-1
rep1	ACTTTCAAGTAACTCC-1
rep1	CAAGCTAGTGCCCAGT-1
rep1	CTCCCAAAGGACCGAT-1
rep1	TAGGTGTAGGAATGGA-1
rep1	TGGGTTACAAGCAGGT-1
rep1	GGTACCGTCGCCTTAC-1
rep1	GTGCTGGCACAATAAG-1
rep1	CCCACATCACCTATTT-1
rep1	CATTCCGCATAAAGTG-1
rep1	ACATGGTTCCACACCT-1
rep1	TCAGGGCCATCCTCGT-1
rep1	GCCTACTCAGCTGATT-1
rep1	TAGACTGAGGCACTAG-1
rep1	GCCCGAACACAAGGGT-1
rep1	TGAGCCGGTAGACACG-1
rep1	GGGCCATTCTGAACGT-1
rep1	GCGCCAACAACTAGAA-1
rep1	GCAGCTGGTGGTGGTA-1
rep1	GAGCGCTTCTTGTCGC-1
rep1	CCTATTATCCATACCC-1
rep1	TTGCACCTCGTGGCGT-1
rep1	CAGTATGGTTCTTATC-1
rep1	ACTGCGGTCCTGGGAC-1
rep1	GCGATCGGTGAATCAA-1
rep1	ATCGAGTAGAGGAATG-1
rep1	CTGGCAGTCTTTGCAT-1
rep1	TGGGTTACAACTCCCT-1
rep1	CCCACATAGATCGAGC-1
rep1	TGTGACACATCCTCGT-1
rep1	GAACCTAAGAGCCTGA-1
rep1	TACCCTGAGCATGTGG-1
rep1	CTCAGCTAGTACGCGA-1
rep1	ACTCGGGAGGATATCA-1
rep1	GACTAACCACTCCTCA-1
rep1	ACTACGACAGCCGAAA-1
rep1	TTGACGAGTCGACTGC-1
rep1	CGCGCAAGTGTGCGTC-1
rep1	TCAAAGCGTAAACGAT-1
rep1	GTCCATCAGCTTTCCC-1
rep1	TGTACAGTCGTGGTAT-1
rep1	GCAACCGCAGTAAGCG-1
rep1	GCGTTGGTCACGGGTC-1
rep1	TCACAAGGTAGTAACA-1
rep1	TAGCCCTAGGCTTTAC-1
rep1	TCACCTGTCGTCAACA-1
rep1	CGCAGGTTCTTGTACT-1
rep1	GCCATAAAGTAACATG-1
rep1	CGTGGCATCATTGCCC-1
rep1	TCTCAGCAGTAACTCC-1
rep1	ACCTGCTTCCAGAATC-1
rep1	GGAGTAGAGTCTGCTA-1
rep1	ATCCTCGCACACGGTC-1
rep1	GGAACTTGTGGTTCTA-1
rep1	GTTATTCAGTAGACCG-1
rep1	CCCTAACAGCAGAGCT-1
rep1	ATGTTTCCAGGCTACC-1
rep1	TCACTCGTCCCAATAG-1
rep1	TCACAGATCCAGGTCG-1
rep1	CTCTCGAAGCGGACTA-1
rep1	GCTGCGAGTGCACATT-1
rep1	TACCTATGTCATTGGT-1
rep1	GATGGCCCAAGAGATT-1
rep1	TATGTGGAGTCGAAAT-1
rep1	TGGCAATCACTCAGCG-1
rep1	GAGATTCTCCCACTTG-1
rep1	ACCGAATTCGGTCGAC-1
rep1	AGTCAACCAGTAGGCA-1
rep1	TCAGTTTTCCGTCAAA-1
rep1	GCGGTGTCAAGAAACT-1
rep1	TTCGCGTTCGCGATGC-1
rep1	CTCCCAACAATGCACT-1
rep1	TCTAGTTTCGAGTGTT-1
rep1	GATCATGCAGAATGCG-1
rep1	CTCTAGCGTTTCCACC-1
rep1	CTAGCGGTCCGGACTG-1
rep1	TACTGCCAGAGCCACA-1
rep1	TCAAGCATCGTCCCAT-1
rep1	AGATAGAAGGAGGCGA-1
rep1	CTACTTAGTCAGGCTC-1
rep1	CTACAGAGTGCGTTTA-1
rep1	GAAGAGCTCACGGGTC-1
rep1	GCCAGACAGCAGTAGC-1
rep1	ACTTTCAGTTTGTGAC-1
rep1	TAGCTTTAGCTCCGGT-1
rep1	GTTACGAGTCTGTCCT-1
rep1	GCAACCGTCATACTTC-1
rep1	AATGCCAAGACTAGGC-1
rep1	AGGCCCATCATTCATC-1
rep1	GCATTGAAGTCGTATC-1
rep1	ACCGGGTTCGCTTGAA-1
rep1	AACAAAGAGGAACCGT-1
rep1	CAAGGCCAGTCGAGCA-1
rep1	CGCACAGAGAAGAGTG-1
rep1	GATGATCTCAGTGTGT-1
rep1	CACATGACAAAGGTCG-1
rep1	TTCTGTACAGAGATGC-1
rep1	CAACGTAGTGAATCAA-1
rep1	TCGCAGGGTCGTAGTT-1
rep1	ATGTACGTCTGAACGT-1
rep1	TCCGACTTCGGGACAA-1
rep1	CTAGGGCCATCAGAAA-1
rep1	ACAGCGCTCGAACCGC-1
rep1	CTTGCCAAGAACAGGA-1
rep1	AAACTGCTCTTCTTCC-1
rep1	GAGGCTCTCTCCTTAA-1
rep1	ACTCGGGCACAATAAG-1
rep1	TACGCCTGTGAGAGTC-1
rep1	GAGGTCCGTATGTCCA-1
rep1	TACCTCGAGTTCGCGC-1
rep1	CTAGCGGGTCAGTGTT-1
rep1	GGGACCTTCACATTCT-1
rep1	GAACGTTGTATTCTTC-1
rep1	GGAGTAGCAGGATAGC-1
rep1	GAGCGCTTCCAAGTCA-1
rep1	ATTGTCTAGACTTGAA-1
rep1	AAACTGCGTGCGTTTA-1
rep1	GATCATGCACTGTCAA-1
rep1	AGCGATTGTCGGCTGT-1
rep1	CTGCTCAAGCATTCCA-1
rep1	GACTAACCAACTACTG-1
rep1	TGAGCCGGTAGAGAGA-1
rep1	ACCATCCTCAGGTCTA-1
rep1	ACTAGGTAGGTGATGC-1
rep1	CCGTAGGAGTTTACGC-1
rep1	TATGTGGAGTTCAAGA-1
rep1	CCAATGAGTACGCCCA-1
rep1	GACTAGTAGTCTGGGA-1
rep1	TGAGTCAAGGAACCGT-1
rep1	TTCTAACGTTCTACCC-1
rep1	ACAAAGAAGCAGAAAG-1
rep1	TAGCACAAGCCATTCA-1
rep1	CCAGAATGTTCTGAAC-1
rep1	GCCTACTTCGTGCTTC-1
rep1	TCCAGAACAATGCCAT-1
rep1	TTCGGTCGTTAACTCG-1
rep1	TAGCCCTGTCTCTAAG-1
rep1	CAGTGCGCACCTTGTC-1
rep1	CACCTTGTCACTCGTC-1
rep1	GAACTTGTCTGGACAT-1
rep1	GTCTACCAGGTGAACC-1
rep1	ATGGATCGTGGACGAT-1
rep1	TGATTTCTCCCTACGT-1
rep1	TTTGTGTCAAGGGTAC-1
rep1	ACAATCGGTGTCCAGC-1
rep1	TCGTTCGAGAGCGAAA-1
rep1	GTCGTAATCATAGGTC-1
rep1	ACTGTCCCAGGGTAAC-1
rep1	TCGCCTAAGCATTCCA-1
rep1	GAGACTTTCTCTTCTC-1
rep1	CCTGGGACACGGCCAT-1
rep2	GGGACCTCATGGAGGT-1
rep2	GCGTAGCTCAATTGGC-1
rep2	TCCAGAAAGTGAATAC-1
rep2	GGAACTTCAAAGCATA-1
rep2	CACCACTCACCACCAG-1
rep2	TCACTCGCATGGCCCA-1
rep2	CGCTATCGTACGGTTT-1
rep2	TACTAGGAGTTTACGC-1
rep2	TACCTCGGTCAGTGTT-1
rep2	AAACTGCGTCAGAAGC-1
rep2	ATCCAGACACGCGCAT-1
rep2	GCAACCGCACTGCTTC-1
rep2	TGCGTAAGTCCGTCGA-1
rep2	CCTTGGTTCGAACACT-1
rep2	CGGACCAGTAATGCCT-1
rep2	ACCGGGTTCCGTGCGA-1
rep2	GATTGACAGTCAGGAC-1
rep2	TGCATTTAGGCTTCGC-1
rep2	TAATCGGTCTGTTTAC-1
rep2	TCTCAGCTCGTGGTAT-1
rep2	TTCGGTCGTCATAAGA-1
rep2	GATGGCCTCCAGGGAA-1
rep2	CAATCCCAGGCACCTC-1
rep2	GGTGAAGAGTTTACGC-1
rep2	ACTTTCAGTCACCCGA-1
rep2	TTGCTATAGACTTCCA-1
rep2	GGTACCGAGATGGGTC-1
rep2	GTAGTACGTTCACGTA-1
rep2	GCAGCCAAGCCCATGC-1
rep2	ATGGATCGTCGTCGCA-1
rep2	GCATGATGTATGCTAC-1
rep2	CTTAATCGTACGGAGT-1
rep2	ATCCTCGGTGTAGGAC-1
rep2	TGCCTCAGTCGTAGTT-1
rep2	CAGTATGGTGTCTACA-1
rep2	TCAGCTCGTTGGCGAA-1
rep2	ACCGGGTTCAGGCCGT-1
rep2	ACTGCAACACTCAAGT-1
rep2	CGCTGGACACGTTACA-1
rep2	TTACTTGCAGCGTAGA-1
rep2	TCGATTTAGACTAATG-1
rep2	ACAAACCGTCGAGGTA-1
rep2	GAAGAGCCAAGCACTT-1
rep2	TCAGTTTTCCGCTCTA-1
rep2	GCGATCGGTGGACTGA-1
rep2	CGAGTTAAGCAAGGTC-1
rep2	ACTTCCGAGGGTCCCT-1
rep2	AGATTCGCAGTAACTC-1
rep2	GCGCATGAGATTAGAC-1
rep2	GAGCGCTTCGGTCAGC-1
rep2	GTTACGAAGGAGTAGA-1
rep2	CACCACTCATTACTTC-1
rep2	CAGCCTTTCACTTACT-1
rep2	TATGTTCGTCCGAGCT-1
rep2	TCTATTGGTCTGTCCT-1
rep2	CTCCCAACACCGTCTT-1
rep2	CTTGCTGTCCCAGTAA-1
rep2	GGAGAACAGAAATTCG-1
rep2	CTTGCCAAGCCCATGC-1
rep2	TGATCAGAGACCCTAT-1
rep2	GGGAACACAATGAAAC-1
rep2	AGCCTCTCAAGGAACC-1
rep2	CTCGCTAAGTACGCGA-1
rep2	GTGCCAGCAAGTCTGT-1
rep2	TAGGTGTGTTCTTTGT-1
rep2	TGACTCCGTCCGCTTT-1
rep2	GTAATCGAGCCTATAC-1
rep2	AGCGATTCACGGTTAT-1
rep2	GTAATCGCACAGTTCA-1
rep2	CTGCGTTAGGTTAGTA-1
rep2	TTGCGGGCAAGGAGTC-1
rep2	AACAAAGGTTCAGAAA-1
rep2	TCAGGGCGTGAGGGTT-1
rep2	TTCAACTAGTACCTCA-1
rep2	TCAGGGCAGCCGCAAA-1
rep2	TGATGCAGTCCTATTT-1
rep2	TTATGTCTCTAAGGTC-1
rep2	TATGTTCCAATGGTCT-1
rep2	AATGCCACAATTGTGC-1
rep2	CTCAGAAGTCGAGGTA-1
rep2	TTCAACTAGACCATAA-1
rep2	TAACAGCGTATGGTTC-1
rep2	GCAAAGGGTGCGTCCA-1
rep2	AGCCTCTCACCACAGC-1
rep2	GCAACCGGTTCACGTA-1
rep2	AACGAGGAGATGCGAC-1
rep2	GCACGCATCAATGCAC-1
rep2	AGCCTCTCATCGGCCA-1
rep2	ACCGAATGTTACTACG-1
rep2	GTGGATTCATTACTCT-1
rep2	AGCGATTAGCTCCATA-1
rep2	CGCTAGGCACGGTGTC-1
rep2	TCGCCTAGTAGCTGTT-1
rep2	TCCGACTAGAGTCCGA-1
rep2	TAGCATGAGCAATGTA-1
rep2	TAGCCGGTCCGGCGAT-1
rep2	CGTAAACGTAAACCCT-1
rep2	AAACTCGTCGCTCTAC-1
rep2	GCGTTGGCAGGGTAAC-1
rep2	TCAAAGCAGTTCGACT-1
rep2	CCACAGGTCCGCCTAT-1
rep2	TCGGGACTCACGTGTA-1
rep2	AACAAAGTCCGGCTGA-1
rep2	TCAGTCCAGGCCAGTA-1
rep2	TTAGGTGAGAATAGTC-1
rep2	CGCAGGTGTAAGCCTT-1
rep2	TACTAGGTCATTCTTG-1
rep2	TCAAGGTCAGTAGTTC-1
rep2	GACCGACAGATAGGTT-1
rep2	GCTCGAGTCGCCGAAC-1
rep2	GCATTCCTCCGATTGA-1
rep2	CCTTGCAAGCATACCT-1
rep2	TCTATTGAGACGAAAG-1
rep2	GATGGCCGTATCTGCA-1
rep2	TATTGCTCAAGCGGTA-1
rep2	GGAATCTGTAGGTGAC-1
rep2	CCATACCTCCACCTAC-1
rep2	CTAGGATAGCTTCAAC-1
rep2	GTTCAAGGTGCAAAGC-1
rep2	TTCTGTAGTAAAGGCC-1
rep2	TCAAAGCAGGATGTCG-1
rep2	GGACACCGTGATTCCA-1
rep2	TAGTCCCTCAAGTTGC-1
rep2	CTTAATCCAAAGCATA-1
rep2	TATGTGGAGTTCAAGA-1
rep2	CAAGAAAAGACAACGC-1
rep2	GAGAACGAGCTAGTTC-1
rep2	CCACAGGGTAGTCTGT-1
rep2	CATGCCTTCGCACCTT-1
rep2	TCAAAGCGTGAGTAAT-1
rep2	ATCCTCGTCATCGCCT-1
rep2	TCTATTGGTTCTTTCA-1
rep2	TAGACTGGTGTCGTGC-1
rep2	CAGTATGCAATTCTCT-1
rep2	GCTCACTTCGGCATAT-1
rep2	GAACCGCTCGGATCGC-1
rep2	GGAACTTTCATCGCTC-1
rep2	GTTCAAGCAAGGCGTA-1
rep2	AACGTACAGCCATGGA-1
rep2	TCGTTCGAGGTCACTT-1
rep2	TGTTAGGCAGGACTGA-1
rep2	AGCCAGCGTTCCGCGA-1
rep2	AGTTTGGCAAGGGTAC-1
rep2	CAGTATGGTTCTACCC-1
rep2	TTTGTGTTCACCGCGA-1
rep2	CAGGGCTTCAGTAGTC-1
rep2	CGTAAACAGCTCCATA-1
rep2	GTTATGGGTTAGTAGA-1
rep2	ATTGTCTCAGTGCGAA-1
rep2	GAAGTGGTCACATCCC-1
rep2	CACCTGTAGCTTACCA-1
rep2	GCCTAGGGTTGGCTTA-1
rep2	TACTGCCCAGGTAGGT-1
rep2	TGGACATGTTACGGAG-1
rep2	TATCGAGAGGTTTCTG-1
rep2	TACCCTGAGTACGACG-1
rep2	CAAGCTATCGCTCTAC-1
rep2	TGGGTTATCAAACCAC-1
rep2	CAGTATGAGTATACGA-1
rep2	CCAATGACAACACGGA-1
rep2	CTTCTAATCGTGGTAT-1
rep2	GGAACCCAGCGTATCT-1
rep2	GCGGAAAGTCATAAGA-1
rep2	AAGATAGCACGGCCAT-1
rep2	TTCTAACTCATCGCCT-1
rep2	CAGGGCTGTTGGCTAT-1
rep2	GGCGTTGCAATGCACT-1
rep2	ACGGATTCAAGCGACA-1
rep2	CCGCATTGTTTCTTAC-1
rep2	GATTGACAGGTTGTTC-1
rep2	ACCGCAGTCCATACCC-1
rep2	TGAGTCATCCTCCAGT-1
rep2	CCTTAATAGATGGCAC-1
rep2	GCTCAGGGTTTGTCTT-1
rep2	TGTGTCCTCCTTGACC-1
rep2	GGCATTAAGACGTCAG-1
rep2	GTAATCGTCACAACAC-1
rep2	GAGATTCGTGCTTACA-1
rep2	TGAGTCAGTTGGAGGT-1
rep2	ATTCGTTCAAGGTCGA-1
rep2	ATGGATCGTACAAATG-1
rep2	CATTCATGTAGTACAA-1
rep2	AGTGCGCTCCTCAAGA-1
rep2	TTACGTTAGTGGACGT-1
rep2	ATCGAGTCATTATGGC-1
rep2	CGCAATATCCGCTATC-1
rep2	GGGTCTGTCGTGGTAT-1
rep2	GAATCTGTCGTGGTAT-1
rep2	AAAGGATAGTCTGGGA-1
rep2	TCAAGCAGTTCTCGAA-1
rep2	TTAGCGATCTGAACGT-1
rep2	GTTGGTAAGGAAGAAC-1
rep2	CTGTTCGTCAGATACC-1
rep2	TGTACAGTCAGTCTTT-1
rep2	GCACGGTCATCAGCTA-1
rep2	GCATGATAGCTCCATA-1
rep2	GACCTTCTCCGCTATC-1
rep2	CGCAATATCGACCCGA-1
rep2	TGATTTCAGGCTTCGC-1
rep2	AGCCTCTAGACTTGAA-1
rep2	TGGACATGTTGGTAAA-1
rep2	GGACACCGTAAACCCT-1
rep2	TAAACCGTCTTGCGCT-1
rep2	CAATCCCGTTCCGGCA-1
rep2	AGCCGCACAGAGAGAA-1
rep2	TGTGACACAGGTGTGA-1
rep2	ACTGTCCGTCACAGTT-1
rep2	CTGTTCGCACTTTGGA-1
rep2	TGCGTAATCTCGCGTT-1
rep2	TGATTTCTCACGGGTC-1
rep2	TTGTTGTCAGGTTATC-1
rep2	GCAAAGGCAATGTAAG-1
rep2	AGGACGATCAGTTGAC-1
rep2	TTTGAGGAGCTCCGGT-1
rep2	TACTCGCGTCGGCTGT-1
rep2	AGACAAATCTACATCT-1
rep2	TAAGTGCGTGCTTACA-1
rep2	TATGTTCTCAACGTGT-1
rep2	TAATTCCAGGAGGCGA-1
rep2	CGATGATTCAAGGCCC-1
rep2	CGAGTTATCACATCCC-1
rep2	CACTGAACATGGTATC-1
rep2	GTGTCAATCTTTGCAT-1
rep2	CAACGGCAGACTAATG-1
rep2	AGTCAACGTTATGCAC-1
rep2	GCTCACTTCGCCCTTA-1
rep2	TAAGCCATCCTCATTA-1
rep2	GCTCCTAGTGGATTTC-1
rep2	TAACAGCGTCTGGGAA-1
rep2	CCTTAATTCTCTGCAC-1
rep2	CCTGCTAGTTTGAAGA-1
rep2	GGACACCAGCTCGGCT-1
rep2	CCAGATAAGAGGCGGA-1
rep2	TAGGTCAGTCCGTCGA-1
rep2	TCGCCTAGTCCGTAGC-1
rep2	TCAATTCAGTCGTATC-1
rep2	GTGCCAGAGTACGACG-1
rep2	TAAGCCAAGTACAGAT-1
rep2	GTTGGGCCATTCTCGC-1
rep2	GGTAGGACATTATGGC-1
rep2	GCTTAAGAGTCCCTCT-1
rep2	GACCAATTCGACTGGC-1
rep2	GTAGACTTCGATAGTC-1
rep2	TTTGGTTGTTTCCTAT-1
rep2	GAAGTGGGTTGCTTGA-1
rep2	GCTTTCGGTAAGTCTC-1
rep2	GACTAGTAGGCATGCA-1
rep2	GTGCCAGCAAACTACC-1
rep2	ATGTACGCAGCTATAC-1
rep2	TGGGTTAAGATGGGTC-1
