V1,barcode,total,duplicate,chimeric,unmapped,lowmapq,mitochondrial,nonprimary,passed_filters,is__cell_barcode,excluded_reason,TSS_fragments,DNase_sensitive_region_fragments,enhancer_region_fragments,promoter_region_fragments,on_target_fragments,blacklist_region_fragments,peak_region_fragments,peak_region_cutsites,logUMI,promoter_ratio,peak_region_ratio,all_unique_MB,peak_MB,peak_ratio_MB,sample,passedMB,passedMB_legacy,class
129,AAACGAACACCTCGTT-1,33311,11449,310,4825,4775,13,0,11939,1,0,1193,0,0,0,1193,0,1888,3471,4.07700432679335,8.37520938023451e-05,0.15820770519263,55066,25504,0.463153306940762,250422_Day7RDam_DamLeo1_K27ac_FACS_rep1,TRUE,TRUE,3
898,AAACTGCGTGCGTTTA-1,24784,8125,273,3842,3670,1,0,8873,1,0,714,0,0,0,714,0,1179,2185,3.94811942438054,0.000112688753662384,0.132972729321614,40588,17359,0.427687986597024,250422_Day7RDam_DamLeo1_K27ac_FACS_rep1,TRUE,TRUE,3
1015,AAACTGCTCTTCTTCC-1,23428,7937,298,3349,3350,0,9,8485,1,0,834,0,0,0,834,0,1100,2013,3.9287030274306,0.000117841150129625,0.129743106292717,38746,16290,0.420430496051205,250422_Day7RDam_DamLeo1_K27ac_FACS_rep1,TRUE,TRUE,3
2827,AACAAAGAGGAACCGT-1,26765,9313,287,3850,3740,1,4,9570,1,0,981,0,0,0,981,0,1356,2503,3.98095731622962,0.000104482290251802,0.141782467871696,44188,19658,0.444871910926043,250422_Day7RDam_DamLeo1_K27ac_FACS_rep1,TRUE,TRUE,3
4491,AACCTGAAGACCATAA-1,24300,8537,255,3245,3516,0,0,8747,1,0,814,0,0,0,814,0,1337,2464,3.9419087743656,0.000114311842706904,0.152949245541838,40728,18407,0.451949518758594,250422_Day7RDam_DamLeo1_K27ac_FACS_rep1,TRUE,TRUE,3
5688,AACGGGACATGGGACA-1,37875,12541,411,5278,6536,0,7,13102,1,0,1318,0,0,0,1318,0,1924,3551,4.11737074102091,7.63184003663283e-05,0.146912920705182,63034,27542,0.436938794936066,250422_Day7RDam_DamLeo1_K27ac_FACS_rep1,TRUE,TRUE,3
5789,AACGGGATCCAAGTCA-1,26173,9057,275,3498,4014,2,0,9327,1,0,910,0,0,0,910,0,1393,2558,3.96978853741494,0.000107204116638079,0.149442538593482,43690,19050,0.4360265506981,250422_Day7RDam_DamLeo1_K27ac_FACS_rep1,TRUE,TRUE,3
7021,AACTTGGCAATTAGGA-1,42087,13665,437,5932,6169,1,0,15883,1,0,1736,0,0,0,1736,0,2439,4498,4.20095987839185,6.29564341475699e-05,0.153613699320071,69846,31878,0.456404088995791,250422_Day7RDam_DamLeo1_K27ac_FACS_rep1,TRUE,TRUE,3
8674,AATGCCAAGACTAGGC-1,26888,9136,299,3713,4013,0,0,9727,1,0,1092,0,0,0,1092,0,1618,2980,3.98802356192866,0.000102796052631579,0.166426809210526,44710,20592,0.460568105569224,250422_Day7RDam_DamLeo1_K27ac_FACS_rep1,TRUE,TRUE,3
9906,AATGTCGTCGACTATG-1,38231,12014,298,5533,5351,1,0,15034,1,0,1361,0,0,0,1361,0,2216,4095,4.17710343243654,6.6511473229132e-05,0.147455936148986,63564,28056,0.441381914291108,250422_Day7RDam_DamLeo1_K27ac_FACS_rep1,TRUE,TRUE,3
10319,ACAAAGAAGATTGACA-1,27731,9437,273,3786,4319,0,1,9915,1,0,1074,0,0,0,1074,0,1509,2771,3.99633651809578,0.000100847115772489,0.152279144816458,46492,21061,0.453002667125527,250422_Day7RDam_DamLeo1_K27ac_FACS_rep1,TRUE,TRUE,3
10322,ACAAAGAAGCAGAAAG-1,29104,8538,222,5275,3801,6,2,11260,1,0,1033,0,0,0,1033,0,1661,3084,4.05157695847254,8.88020602077968e-05,0.147589024065358,46334,20651,0.445698623041395,250422_Day7RDam_DamLeo1_K27ac_FACS_rep1,TRUE,TRUE,3
10721,ACAAGCTAGTTGACAA-1,31609,10951,329,4248,4572,0,0,11509,1,0,1244,0,0,0,1244,0,1970,3652,4.06107532362979,8.68809730668983e-05,0.171242397914857,53116,26144,0.492205738383914,250422_Day7RDam_DamLeo1_K27ac_FACS_rep1,TRUE,TRUE,3
11233,ACAATCGGTGTCCAGC-1,24167,8274,246,3281,3520,0,3,8843,1,0,906,0,0,0,906,0,1234,2281,3.94664873390668,0.000113071008593397,0.139642695612845,40396,17497,0.433136944251906,250422_Day7RDam_DamLeo1_K27ac_FACS_rep1,TRUE,TRUE,3
12422,ACAGCGCTCGAACCGC-1,25579,8375,223,3415,4051,1,1,9513,1,0,1076,0,0,0,1076,0,1544,2837,3.97836314708388,0.000105108261509355,0.162392264031953,42852,19884,0.464015681881826,250422_Day7RDam_DamLeo1_K27ac_FACS_rep1,TRUE,TRUE,3
13469,ACATGGTTCCACACCT-1,23296,7974,287,3303,3264,0,1,8467,1,0,850,0,0,0,850,0,1294,2409,3.92778084934737,0.000118091639111951,0.152928672649976,38488,18059,0.469211182706298,250422_Day7RDam_DamLeo1_K27ac_FACS_rep1,TRUE,TRUE,3
14165,ACCATCCTCAGGTCTA-1,32900,10632,313,4587,5220,0,2,12146,1,0,1191,0,0,0,1191,0,1779,3267,4.08446903148808,8.23248538733844e-05,0.146538239894624,54892,23715,0.43203016833054,250422_Day7RDam_DamLeo1_K27ac_FACS_rep1,TRUE,TRUE,3
14888,ACCGAATTCGGTCGAC-1,26746,8748,258,3760,4194,3,0,9783,1,0,1028,0,0,0,1028,0,1459,2689,3.99051644402823,0.000102207686017989,0.149223221586263,44356,19633,0.442623320407611,250422_Day7RDam_DamLeo1_K27ac_FACS_rep1,TRUE,TRUE,3
15659,ACCGGGTTCGCTTGAA-1,35420,12026,317,5045,5257,1,4,12770,1,0,1337,0,0,0,1337,0,1823,3359,4.1062249048968,7.83024038837992e-05,0.14282358468405,58924,26035,0.441840336704908,250422_Day7RDam_DamLeo1_K27ac_FACS_rep1,TRUE,TRUE,3
15691,ACCGGGTTCTGAGTCA-1,47943,15867,531,6969,7168,1,0,17407,1,0,1629,0,0,0,1629,0,2436,4510,4.24074887801809,5.74448529411765e-05,0.139993106617647,79146,34582,0.436939327319132,250422_Day7RDam_DamLeo1_K27ac_FACS_rep1,TRUE,TRUE,3
16027,ACCTGCTTCCAGAATC-1,29085,9539,285,3892,4586,0,6,10777,1,0,1178,0,0,0,1178,0,1881,3456,4.03253817926001,9.2781592132121e-05,0.174614956392652,48664,22148,0.45512082853855,250422_Day7RDam_DamLeo1_K27ac_FACS_rep1,TRUE,TRUE,3
16294,ACGGATTGTAACGGAC-1,24445,8381,280,3491,3510,0,0,8783,1,0,875,0,0,0,875,0,1403,2590,3.94369232710602,0.00011384335154827,0.159836065573771,40276,19006,0.471893931870096,250422_Day7RDam_DamLeo1_K27ac_FACS_rep1,TRUE,TRUE,3
18168,ACTACGACAGCCGAAA-1,51397,17593,454,7133,7451,4,2,18760,1,0,1892,0,0,0,1892,0,2837,5236,4.27325598345175,5.330206278983e-05,0.151271254197537,85842,37929,0.441846648493744,250422_Day7RDam_DamLeo1_K27ac_FACS_rep1,TRUE,TRUE,3
18410,ACTAGGTAGGTGATGC-1,40641,13587,398,5583,5809,5,1,15258,1,0,1420,0,0,0,1420,0,2231,4114,4.18352607302172,6.553509404286e-05,0.146274329903663,67756,29583,0.436610779857134,250422_Day7RDam_DamLeo1_K27ac_FACS_rep1,TRUE,TRUE,3
19117,ACTCGGGAGGATATCA-1,44293,14969,495,6052,7332,3,9,15433,1,0,1597,0,0,0,1597,0,2414,4467,4.18847849591393,6.47920176234288e-05,0.156472722560581,73912,33340,0.451076956380561,250422_Day7RDam_DamLeo1_K27ac_FACS_rep1,TRUE,TRUE,3
19188,ACTCGGGCACAATAAG-1,30672,9448,318,4420,4220,4,7,12255,1,0,1393,0,0,0,1393,0,1801,3342,4.08834875228853,8.15926892950392e-05,0.147030026109661,50518,22152,0.438497169325785,250422_Day7RDam_DamLeo1_K27ac_FACS_rep1,TRUE,TRUE,3
19800,ACTGCGGAGCCTGGTC-1,32449,11517,330,4054,5089,0,4,11455,1,0,1110,0,0,0,1110,0,1757,3221,4.05903300496378,8.72905027932961e-05,0.153456703910615,54664,24595,0.449930484413874,250422_Day7RDam_DamLeo1_K27ac_FACS_rep1,TRUE,TRUE,3
20090,ACTGCGGTCCTGGGAC-1,33763,11600,321,4752,4823,10,0,12257,1,0,1254,0,0,0,1254,0,1920,3578,4.08841961701609,8.15793767335618e-05,0.156713982705172,56022,25877,0.4619078219271,250422_Day7RDam_DamLeo1_K27ac_FACS_rep1,TRUE,TRUE,3
20282,ACTGTCCCAGGGTAAC-1,25269,8338,249,3405,3948,0,4,9325,1,0,1008,0,0,0,1008,0,1459,2692,3.96969541111847,0.000107227107012653,0.156551576238473,42150,19372,0.459596678529063,250422_Day7RDam_DamLeo1_K27ac_FACS_rep1,TRUE,TRUE,3
20882,ACTTTCAAGTAACTCC-1,32261,10542,318,4583,5178,1,2,11637,1,0,1198,0,0,0,1198,0,1849,3429,4.06587835285739,8.59254167382712e-05,0.158962020965802,53702,23963,0.446221742206994,250422_Day7RDam_DamLeo1_K27ac_FACS_rep1,TRUE,TRUE,3
21095,ACTTTCAGTTTGTGAC-1,30281,10292,309,4089,4348,0,1,11242,1,0,1303,0,0,0,1303,0,1865,3445,4.05088221066403,8.8944231966557e-05,0.165969936849595,50592,23661,0.467682637571158,250422_Day7RDam_DamLeo1_K27ac_FACS_rep1,TRUE,TRUE,3
21517,AGATAGAAGGAGGCGA-1,49419,16443,557,7419,7267,6,0,17727,1,0,1889,0,0,0,1889,0,2613,4818,4.24865974304834,5.64079422382672e-05,0.14745036101083,81028,36496,0.450412203189021,250422_Day7RDam_DamLeo1_K27ac_FACS_rep1,TRUE,TRUE,3
22515,AGCCCGAAGCTAACAA-1,29164,9848,336,4258,3942,3,0,10777,1,0,992,0,0,0,992,0,1584,2936,4.03253817926001,9.2781592132121e-05,0.147058823529412,48172,21290,0.441957983891057,250422_Day7RDam_DamLeo1_K27ac_FACS_rep1,TRUE,TRUE,3
24418,AGCGATTGTCGGCTGT-1,24406,8453,213,3449,3401,2,0,8888,1,0,884,0,0,0,884,0,1427,2639,3.94885290619971,0.000112498593767578,0.160647991900101,40558,18990,0.468218353962227,250422_Day7RDam_DamLeo1_K27ac_FACS_rep1,TRUE,TRUE,3
25334,AGCTATGCACGTACAT-1,26334,8626,345,3915,4055,0,0,9393,1,0,1057,0,0,0,1057,0,1323,2471,3.97285055584723,0.000106450926123057,0.140941026186928,43078,18155,0.421444821022332,250422_Day7RDam_DamLeo1_K27ac_FACS_rep1,TRUE,TRUE,3
25579,AGCTGATAGCCGCTGT-1,34451,11820,409,4538,5281,1,4,12398,1,0,1502,0,0,0,1502,0,2063,3780,4.09338666000137,8.06516654568917e-05,0.166465037503024,57564,27302,0.474289486484608,250422_Day7RDam_DamLeo1_K27ac_FACS_rep1,TRUE,TRUE,3
26103,AGCTGGCGTAGCAGCA-1,36606,12179,424,5022,5627,1,0,13353,1,0,1437,0,0,0,1437,0,2244,4173,4.12561137189746,7.48839299086416e-05,0.1681144226449,61040,28877,0.473083224115334,250422_Day7RDam_DamLeo1_K27ac_FACS_rep1,TRUE,TRUE,3
27265,AGGCCCATCATTCATC-1,30408,9479,346,4396,4241,0,2,11944,1,0,1306,0,0,0,1306,0,1774,3278,4.0771861540859,8.37170364169108e-05,0.148597739640017,50224,21953,0.437101784007646,250422_Day7RDam_DamLeo1_K27ac_FACS_rep1,TRUE,TRUE,3
28078,AGGCGTCAGAGCCACA-1,32269,10613,306,4550,4846,16,0,11938,1,0,1311,0,0,0,1311,0,1983,3633,4.07696795219792,8.37591088030823e-05,0.166178071865315,53704,25271,0.470560852078057,250422_Day7RDam_DamLeo1_K27ac_FACS_rep1,TRUE,TRUE,3
28605,AGTCAACCAGTAGGCA-1,24126,7807,236,3349,3665,0,1,9068,1,0,1055,0,0,0,1055,0,1542,2850,3.95755940189748,0.000110265740434447,0.170140037490352,40246,18848,0.468319833026885,250422_Day7RDam_DamLeo1_K27ac_FACS_rep1,TRUE,TRUE,3
28787,AGTCAACTCTCATCCG-1,24269,7576,251,3632,3556,3,7,9244,1,0,859,0,0,0,859,0,1327,2468,3.96590691549519,0.000108166576527853,0.143645213628989,39914,17545,0.439570075662675,250422_Day7RDam_DamLeo1_K27ac_FACS_rep1,TRUE,TRUE,3
30342,AGTTACGCATTAACGC-1,29614,9641,319,3988,4444,0,6,11216,1,0,1176,0,0,0,1176,0,1720,3169,4.04987671987388,8.91503967192654e-05,0.153427832753856,49414,22517,0.455680576354879,250422_Day7RDam_DamLeo1_K27ac_FACS_rep1,TRUE,TRUE,3
30396,AGTTACGGTCTGGTTA-1,29326,10118,233,3790,4102,0,0,11083,1,0,1164,0,0,0,1164,0,1734,3195,4.04469651711019,9.02201371346084e-05,0.156531937928546,49588,23011,0.4640437202549,250422_Day7RDam_DamLeo1_K27ac_FACS_rep1,TRUE,TRUE,3
32666,ATCCTCGCACACGGTC-1,26075,9104,244,3536,3702,0,0,9489,1,0,947,0,0,0,947,0,1399,2594,3.97726621242729,0.000105374077976818,0.147523709167545,43592,19064,0.437327950082584,250422_Day7RDam_DamLeo1_K27ac_FACS_rep1,TRUE,TRUE,3
33238,ATCGAGTAGAGGAATG-1,34267,8618,357,4998,5116,0,5,15173,1,0,1442,0,0,0,1442,0,2236,4124,4.18110007972805,6.59022011335179e-05,0.147423223935679,56468,24122,0.427179995749805,250422_Day7RDam_DamLeo1_K27ac_FACS_rep1,TRUE,TRUE,3
33898,ATGGATCAGACGCCAA-1,25393,8619,287,3561,3902,0,4,9020,1,0,1061,0,0,0,1061,0,1534,2831,3.95525468282018,0.000110852455381887,0.170158519011196,42140,20525,0.487066919791172,250422_Day7RDam_DamLeo1_K27ac_FACS_rep1,TRUE,TRUE,3
34118,ATGGATCGTGGACGAT-1,25353,7949,250,3958,3874,1,0,9321,1,0,909,0,0,0,909,0,1346,2474,3.96950909859657,0.00010727311735679,0.144496889079597,41278,18144,0.439556180047483,250422_Day7RDam_DamLeo1_K27ac_FACS_rep1,TRUE,TRUE,3
34262,ATGTACGAGGAATGGA-1,51396,17165,577,7490,7885,0,8,18271,1,0,1857,0,0,0,1857,0,2743,5058,4.26178608656575,5.47285464098074e-05,0.150175131348511,84850,37888,0.44652916912198,250422_Day7RDam_DamLeo1_K27ac_FACS_rep1,TRUE,TRUE,3
34560,ATGTACGTCTGAACGT-1,36610,11882,414,5461,5429,1,0,13423,1,0,1343,0,0,0,1343,0,1978,3654,4.12788194348463,7.44934445768772e-05,0.14742252681764,60142,27077,0.450217817831133,250422_Day7RDam_DamLeo1_K27ac_FACS_rep1,TRUE,TRUE,3
35017,ATGTCTTCAGCAACAG-1,43385,13417,429,6426,6652,0,2,16459,1,0,1679,0,0,0,1679,0,2551,4730,4.21642983087625,6.07533414337789e-05,0.155042527339004,71338,31848,0.446438083489865,250422_Day7RDam_DamLeo1_K27ac_FACS_rep1,TRUE,TRUE,3
35331,ATGTTTCCAGGCTACC-1,38771,13086,375,5424,5450,0,2,14434,1,0,1494,0,0,0,1494,0,2337,4307,4.15941678821674,6.92760651195012e-05,0.161967440249394,64586,29446,0.455919239463661,250422_Day7RDam_DamLeo1_K27ac_FACS_rep1,TRUE,TRUE,3
36542,ATTGTCTAGACTTGAA-1,32740,10670,410,4600,4987,6,4,12063,1,0,1186,0,0,0,1186,0,1691,3130,4.0814913285257,8.28912466843501e-05,0.14025198938992,54180,23291,0.429881875230712,250422_Day7RDam_DamLeo1_K27ac_FACS_rep1,TRUE,TRUE,3
36883,ATTGTGGAGCCAGAAC-1,32144,10708,345,4362,5388,6,1,11334,1,0,1250,0,0,0,1250,0,1844,3386,4.05442152446254,8.82223202470225e-05,0.162770180855757,53610,25060,0.4674501025928,250422_Day7RDam_DamLeo1_K27ac_FACS_rep1,TRUE,TRUE,3
38353,CAACGGCCACACGGTC-1,44620,15208,490,5995,6908,1,11,16007,1,0,1532,0,0,0,1532,0,2331,4302,4.20433707562816,6.24687656171914e-05,0.14567716141929,74492,32482,0.436046823820008,250422_Day7RDam_DamLeo1_K27ac_FACS_rep1,TRUE,TRUE,3
38658,CAACGTAAGTCAACTC-1,24320,8473,253,3381,3522,1,5,8685,1,0,813,0,0,0,813,0,1181,2178,3.93881982502621,0.000115127791848952,0.136081049965462,40332,16998,0.421451948824755,250422_Day7RDam_DamLeo1_K27ac_FACS_rep1,TRUE,TRUE,3
38818,CAACGTAGTGAATCAA-1,32158,10406,330,4688,5001,2,6,11725,1,0,1178,0,0,0,1178,0,1790,3276,4.06914988984878,8.52805730854511e-05,0.152737506396043,53098,23489,0.442370710761234,250422_Day7RDam_DamLeo1_K27ac_FACS_rep1,TRUE,TRUE,3
39569,CAAGCTAGTGCCCAGT-1,29558,10099,245,4420,4419,7,0,10368,1,0,972,0,0,0,972,0,1683,3122,4.01573687447745,9.64413154595429e-05,0.16240717523387,48604,22643,0.465867006830714,250422_Day7RDam_DamLeo1_K27ac_FACS_rep1,TRUE,TRUE,3
39782,CAAGGCCAGTCGAGCA-1,28914,9866,291,4371,4306,6,0,10074,1,0,1084,0,0,0,1084,0,1632,3042,4.00324505481315,9.92555831265509e-05,0.162084367245658,47522,22060,0.464206051933841,250422_Day7RDam_DamLeo1_K27ac_FACS_rep1,TRUE,TRUE,3
39870,CAAGGCCCATCAGCTA-1,31722,10457,324,4649,5317,4,3,10968,1,0,1047,0,0,0,1047,0,1614,2993,4.04016703648285,9.11660133102379e-05,0.147233111496034,52380,23313,0.445074455899198,250422_Day7RDam_DamLeo1_K27ac_FACS_rep1,TRUE,TRUE,3
41232,CACATGACAAAGGTCG-1,39003,12521,344,5631,5867,2,0,14638,1,0,1654,0,0,0,1654,0,2224,4109,4.16551141078555,6.83106769588087e-05,0.151991256233349,64460,28453,0.44140552280484,250422_Day7RDam_DamLeo1_K27ac_FACS_rep1,TRUE,TRUE,3
41727,CACCACTCAGCGTACC-1,23544,7918,255,3257,3708,1,1,8404,1,0,789,0,0,0,789,0,1267,2336,3.92453771777549,0.000118976799524093,0.15086258179655,39160,17743,0.453089887640449,250422_Day7RDam_DamLeo1_K27ac_FACS_rep1,TRUE,TRUE,3
42643,CACCTTGTCACTCGTC-1,28547,9773,262,3504,4623,0,0,10385,1,0,1065,0,0,0,1065,0,1687,3099,4.01644831825904,9.62834585018294e-05,0.162526477951088,48300,22141,0.458405797101449,250422_Day7RDam_DamLeo1_K27ac_FACS_rep1,TRUE,TRUE,3
43293,CACTAAGCATCAGAAA-1,39177,13242,437,5329,5979,4,1,14185,1,0,1454,0,0,0,1454,0,2175,4003,4.15185995551251,7.04920344001128e-05,0.153390666854645,65302,29152,0.446418180147622,250422_Day7RDam_DamLeo1_K27ac_FACS_rep1,TRUE,TRUE,3
44169,CAGCCTTGTTATCGAC-1,26666,9129,275,3892,3695,0,1,9674,1,0,880,0,0,0,880,0,1261,2319,3.98565097369095,0.000103359173126615,0.130439276485788,44114,18452,0.418279911139321,250422_Day7RDam_DamLeo1_K27ac_FACS_rep1,TRUE,TRUE,3
44576,CAGCTAAGTTGGCGAA-1,35535,11120,322,5561,5340,3,0,13189,1,0,1231,0,0,0,1231,0,1833,3378,4.12024479554637,7.58150113722517e-05,0.13904473085671,58078,24179,0.416319432487345,250422_Day7RDam_DamLeo1_K27ac_FACS_rep1,TRUE,TRUE,3
46045,CAGTATGCAGCTGATT-1,33119,11329,338,4829,4555,0,2,12066,1,0,1240,0,0,0,1240,0,1839,3401,4.08159931273294,8.28706389326262e-05,0.152481975636032,54704,24719,0.451868236326411,250422_Day7RDam_DamLeo1_K27ac_FACS_rep1,TRUE,TRUE,3
46151,CAGTATGGTTCTTATC-1,26519,8885,250,3613,4068,0,3,9700,1,0,917,0,0,0,917,0,1358,2511,3.98681650458554,0.000103082156478714,0.140088650654572,44378,19197,0.43257920591284,250422_Day7RDam_DamLeo1_K27ac_FACS_rep1,TRUE,TRUE,3
46154,CAGTATGGTTGGGAAC-1,31308,10623,333,4371,4446,1,4,11530,1,0,1237,0,0,0,1237,0,1878,3453,4.06186697213856,8.67227473766369e-05,0.162952042320701,51770,24252,0.468456635116863,250422_Day7RDam_DamLeo1_K27ac_FACS_rep1,TRUE,TRUE,3
46379,CAGTGCGCACCTTGTC-1,31216,10570,348,4041,4961,3,3,11290,1,0,1084,0,0,0,1084,0,1735,3178,4.05273240740322,8.85661146045523e-05,0.153750774953503,52260,22727,0.434883275928052,250422_Day7RDam_DamLeo1_K27ac_FACS_rep1,TRUE,TRUE,3
46711,CAGTGTAAGGCCTCGT-1,30138,10545,337,4524,3935,0,1,10796,1,0,1111,0,0,0,1111,0,1447,2655,4.03330310137257,9.2618319903677e-05,0.134111327220524,49440,21074,0.426254045307443,250422_Day7RDam_DamLeo1_K27ac_FACS_rep1,TRUE,TRUE,3
47027,CATAACGAGAAATCTG-1,21887,7143,223,3104,3035,2,5,8375,1,0,889,0,0,0,889,0,1321,2462,3.92303666867079,0.000119388729703916,0.157831900668577,36452,16238,0.44546252606167,250422_Day7RDam_DamLeo1_K27ac_FACS_rep1,TRUE,TRUE,3
47879,CATGTTTCAGCGTCGT-1,33127,11018,312,4684,5158,0,1,11954,1,0,1326,0,0,0,1326,0,1924,3590,4.07754958045179,8.36470096194061e-05,0.161020493517357,54904,25228,0.459492933119627,250422_Day7RDam_DamLeo1_K27ac_FACS_rep1,TRUE,TRUE,3
48556,CATTCCGCATAAAGTG-1,31736,8916,331,4427,4482,0,0,13580,1,0,1349,0,0,0,1349,0,2165,3996,4.13293174921492,7.36322803917237e-05,0.159487519328474,52970,24500,0.462525958089485,250422_Day7RDam_DamLeo1_K27ac_FACS_rep1,TRUE,TRUE,3
49291,CCAATGAGTACGCCCA-1,34958,12013,337,4847,5294,3,1,12463,1,0,1332,0,0,0,1332,0,2061,3790,4.09565744032849,8.02310654685494e-05,0.165436456996149,58428,27286,0.467002122270144,250422_Day7RDam_DamLeo1_K27ac_FACS_rep1,TRUE,TRUE,3
50318,CCAGAATAGCCCATTA-1,31132,10427,279,4148,4626,7,9,11636,1,0,1171,0,0,0,1171,0,1807,3320,4.06584103431972,8.59328005499699e-05,0.155366503394346,52336,23564,0.450244573524916,250422_Day7RDam_DamLeo1_K27ac_FACS_rep1,TRUE,TRUE,3
50558,CCAGAATGTTCTGAAC-1,27683,9162,318,4067,4038,2,6,10090,1,0,1000,0,0,0,1000,0,1349,2475,4.00393420617371,9.90982063224656e-05,0.133782578535329,45502,19263,0.423344028833897,250422_Day7RDam_DamLeo1_K27ac_FACS_rep1,TRUE,TRUE,3
51370,CCCACATAGATCGAGC-1,35471,12112,323,4779,5359,0,3,12895,1,0,1327,0,0,0,1327,0,1891,3468,4.11045502446102,7.75434243176179e-05,0.146712158808933,59094,26344,0.445798219785427,250422_Day7RDam_DamLeo1_K27ac_FACS_rep1,TRUE,TRUE,3
51408,CCCACATAGGTAGGCT-1,29309,9869,297,4340,4086,0,0,10717,1,0,1027,0,0,0,1027,0,1639,3034,4.03011375270759,9.33009889904833e-05,0.153013621944393,48254,21997,0.455858581671986,250422_Day7RDam_DamLeo1_K27ac_FACS_rep1,TRUE,TRUE,3
51482,CCCACATCACCTATTT-1,23716,8082,222,3486,3403,1,0,8522,1,0,791,0,0,0,791,0,1296,2385,3.9305924884426,0.000117329578786812,0.152176463686495,39280,17514,0.445875763747454,250422_Day7RDam_DamLeo1_K27ac_FACS_rep1,TRUE,TRUE,3
52470,CCCTAACAGCAGAGCT-1,25288,8485,307,3597,3624,0,8,9267,1,0,845,0,0,0,845,0,1430,2625,3.96698602511794,0.000107898144151921,0.154402244281398,41890,18621,0.444521365481022,250422_Day7RDam_DamLeo1_K27ac_FACS_rep1,TRUE,TRUE,3
53654,CCCTGATCAAGTAACA-1,24435,7950,306,3285,4051,0,2,8841,1,0,1190,0,0,0,1190,0,1540,2833,3.94655051056986,0.000113096584483149,0.174281836688532,40666,19605,0.482098067181429,250422_Day7RDam_DamLeo1_K27ac_FACS_rep1,TRUE,TRUE,3
54539,CCGCATTGTTTCTTAC-1,31933,10146,285,4677,5413,4,2,11406,1,0,1109,0,0,0,1109,0,1702,3127,4.05717144154727,8.76654685719295e-05,0.149294292977996,52664,23355,0.443471821358043,250422_Day7RDam_DamLeo1_K27ac_FACS_rep1,TRUE,TRUE,3
55084,CCGTAGGAGTTTACGC-1,28124,8956,319,4072,4283,0,3,10491,1,0,1097,0,0,0,1097,0,1610,2963,4.02085828191832,9.53107129241327e-05,0.153545558520778,46366,21832,0.470862269766639,250422_Day7RDam_DamLeo1_K27ac_FACS_rep1,TRUE,TRUE,3
56335,CCTATTATCCATACCC-1,24937,8357,253,3310,3762,0,1,9254,1,0,1084,0,0,0,1084,0,1595,2925,3.96637642308892,0.000108049702863317,0.172447325769854,41736,19806,0.474554341575618,250422_Day7RDam_DamLeo1_K27ac_FACS_rep1,TRUE,TRUE,3
57304,CCTGGGACACGGCCAT-1,29520,9480,267,4447,4729,2,3,10592,1,0,1167,0,0,0,1167,0,1617,2993,4.02501897228276,9.44019635608421e-05,0.152742377041442,48480,21170,0.436674917491749,250422_Day7RDam_DamLeo1_K27ac_FACS_rep1,TRUE,TRUE,3
59655,CGCACAGAGAAGAGTG-1,22205,6556,216,3297,3225,0,5,8906,1,0,803,0,0,0,803,0,1198,2191,3.94973145231571,0.000112271247333558,0.134613225552936,36618,15120,0.412911682778961,250422_Day7RDam_DamLeo1_K27ac_FACS_rep1,TRUE,TRUE,3
59806,CGCACAGCAGATTTGC-1,25681,8903,310,3689,3612,1,3,9163,1,0,933,0,0,0,933,0,1578,2936,3.96208508051736,0.000109122653862942,0.172304670449585,42430,19748,0.465425406551968,250422_Day7RDam_DamLeo1_K27ac_FACS_rep1,TRUE,TRUE,3
60075,CGCAGGTAGGTCGGTA-1,22903,7796,235,3458,2958,0,0,8456,1,0,816,0,0,0,816,0,1296,2420,3.92721633059126,0.000118245240629065,0.153364077095897,37792,17179,0.454567104149026,250422_Day7RDam_DamLeo1_K27ac_FACS_rep1,TRUE,TRUE,3
60394,CGCAGGTTCTTGTACT-1,26761,8647,212,4185,4119,11,0,9587,1,0,981,0,0,0,981,0,1495,2760,3.98172802536162,0.000104297037964122,0.156028368794326,43770,19585,0.447452593100297,250422_Day7RDam_DamLeo1_K27ac_FACS_rep1,TRUE,TRUE,3
60451,CGCGCAAAGGCAATTA-1,31509,10763,309,4229,4789,0,1,11418,1,0,1342,0,0,0,1342,0,1921,3541,4.05762807295557,8.75733426744899e-05,0.16831596462037,52910,24666,0.466187866187866,250422_Day7RDam_DamLeo1_K27ac_FACS_rep1,TRUE,TRUE,3
60697,CGCGCAAGTGTGCGTC-1,24666,8430,312,3548,3572,0,0,8804,1,0,915,0,0,0,915,0,1307,2416,3.9447293603033,0.000113571834185122,0.14855195911414,40652,18065,0.444381580242054,250422_Day7RDam_DamLeo1_K27ac_FACS_rep1,TRUE,TRUE,3
63494,CGTACAACAAACTACC-1,33752,11343,342,4945,4971,0,0,12151,1,0,1274,0,0,0,1274,0,1769,3268,4.08464776085473,8.22909809084924e-05,0.145655036208032,55714,24476,0.439315073410633,250422_Day7RDam_DamLeo1_K27ac_FACS_rep1,TRUE,TRUE,3
63848,CGTGGCAAGGTTAACA-1,41613,13388,361,6138,6127,1,5,15593,1,0,1467,0,0,0,1467,0,2117,3934,4.19295752988466,6.41272284211876e-05,0.135821469796075,68744,29136,0.423833352728965,250422_Day7RDam_DamLeo1_K27ac_FACS_rep1,TRUE,TRUE,3
64108,CGTGGCATCATTGCCC-1,24087,8101,250,3459,3379,0,0,8898,1,0,811,0,0,0,811,0,1322,2433,3.9493412067705,0.000112372176649062,0.148668389706709,39898,17907,0.448819489698732,250422_Day7RDam_DamLeo1_K27ac_FACS_rep1,TRUE,TRUE,3
65256,CTACAGAGTGCGTTTA-1,24513,7713,237,3333,4264,0,0,8966,1,0,905,0,0,0,905,0,1314,2451,3.95264716975894,0.000111520017843203,0.146648823463812,41152,18108,0.440027216174183,250422_Day7RDam_DamLeo1_K27ac_FACS_rep1,TRUE,TRUE,3
65613,CTACTTAGTCAGGCTC-1,31843,10870,366,4530,4529,3,0,11545,1,0,1098,0,0,0,1098,0,1691,3139,4.06243155316261,8.66100814134765e-05,0.146544257751602,52760,23199,0.439708112206217,250422_Day7RDam_DamLeo1_K27ac_FACS_rep1,TRUE,TRUE,3
65629,CTACTTAGTCTGGGAA-1,39543,12972,434,5377,5973,8,10,14769,1,0,1625,0,0,0,1625,0,2368,4394,4.16938049531195,6.77048070412999e-05,0.16039268788084,65842,29926,0.454512317365815,250422_Day7RDam_DamLeo1_K27ac_FACS_rep1,TRUE,TRUE,3
66003,CTAGCGGGTCAGTGTT-1,31839,10528,354,4637,4704,2,1,11613,1,0,1172,0,0,0,1172,0,1804,3318,4.06498182169731,8.6102979163079e-05,0.155415877389358,52328,23419,0.447542424705702,250422_Day7RDam_DamLeo1_K27ac_FACS_rep1,TRUE,TRUE,3
66111,CTAGCGGTCCGGACTG-1,24470,7325,314,3341,3582,0,5,9903,1,0,1015,0,0,0,1015,0,1512,2795,3.99581063167604,0.000100969305331179,0.152766558966074,40838,18910,0.463049120916793,250422_Day7RDam_DamLeo1_K27ac_FACS_rep1,TRUE,TRUE,3
66444,CTAGGATTCATTGCCC-1,24345,7895,169,4152,3673,8,3,8445,1,0,896,0,0,0,896,0,1195,2239,3.92665107708889,0.00011839924224485,0.14160549372484,39306,17127,0.435735002289727,250422_Day7RDam_DamLeo1_K27ac_FACS_rep1,TRUE,TRUE,3
66698,CTAGGGCCATCAGAAA-1,31863,10205,272,4728,5306,19,2,11331,1,0,1151,0,0,0,1151,0,1579,2925,4.0543065658484,8.82456759618779e-05,0.139428168019767,52628,23547,0.447423424792886,250422_Day7RDam_DamLeo1_K27ac_FACS_rep1,TRUE,TRUE,3
68009,CTCAGCTAGTACGCGA-1,23528,7546,173,3639,3663,9,1,8497,1,0,789,0,0,0,789,0,1257,2329,3.9293167267535,0.000117674746999294,0.148034831725112,38716,17272,0.446120466990392,250422_Day7RDam_DamLeo1_K27ac_FACS_rep1,TRUE,TRUE,3
68057,CTCAGCTCAAGGGTAC-1,28764,9463,274,3841,4992,2,5,10187,1,0,1043,0,0,0,1043,0,1546,2860,4.00808893629158,9.81546917942678e-05,0.151845308205732,48262,21727,0.450188554141975,250422_Day7RDam_DamLeo1_K27ac_FACS_rep1,TRUE,TRUE,3
68755,CTCCCAAAGGACCGAT-1,48024,16087,561,7094,7449,4,0,16829,1,0,1761,0,0,0,1761,0,2420,4492,4.22608411597582,5.941770647653e-05,0.143850267379679,78842,34270,0.434666801958347,250422_Day7RDam_DamLeo1_K27ac_FACS_rep1,TRUE,TRUE,3
68824,CTCCCAACAATGCACT-1,31654,10352,313,4488,4400,7,0,12094,1,0,1214,0,0,0,1214,0,1795,3317,4.0826058726979,8.26787928896238e-05,0.148491112029764,52714,23554,0.446826270061084,250422_Day7RDam_DamLeo1_K27ac_FACS_rep1,TRUE,TRUE,3
70030,CTCTAGCGTTTCCACC-1,24919,8127,226,3776,3649,7,3,9131,1,0,937,0,0,0,937,0,1501,2772,3.9605659028182,0.000109505037231713,0.164476565922032,41032,19231,0.468682979138234,250422_Day7RDam_DamLeo1_K27ac_FACS_rep1,TRUE,TRUE,3
70547,CTCTCGAAGCGGACTA-1,32902,11080,319,4467,4883,0,1,12152,1,0,1380,0,0,0,1380,0,2246,4150,4.08468349790325,8.22842096601662e-05,0.184892619106393,55098,26295,0.477240553196123,250422_Day7RDam_DamLeo1_K27ac_FACS_rep1,TRUE,TRUE,3
71656,CTGCTCAAGCATTCCA-1,31076,10528,311,4114,4858,0,1,11264,1,0,1122,0,0,0,1122,0,1733,3208,4.05173119605985,8.87705281846427e-05,0.15392809587217,52170,23703,0.454341575618171,250422_Day7RDam_DamLeo1_K27ac_FACS_rep1,TRUE,TRUE,3
72444,CTGGCAGTCTTTGCAT-1,23364,7904,295,3273,3481,2,0,8409,1,0,823,0,0,0,823,0,1244,2288,3.92479599579791,0.000118906064209275,0.148038049940547,38570,16849,0.436842105263158,250422_Day7RDam_DamLeo1_K27ac_FACS_rep1,TRUE,TRUE,3
74564,CTTCTAATCACTCGTC-1,27996,9556,286,3913,4337,2,2,9900,1,0,972,0,0,0,972,0,1543,2830,3.99567906051162,0.000100999899000101,0.155943844056156,46662,20724,0.444130127298444,250422_Day7RDam_DamLeo1_K27ac_FACS_rep1,TRUE,TRUE,3
74579,CTTCTAATCCAATAGC-1,23022,7578,255,3202,3587,0,0,8400,1,0,902,0,0,0,902,0,1234,2251,3.92433098470868,0.000119033448399,0.147006308772765,38298,16702,0.436106324090031,250422_Day7RDam_DamLeo1_K27ac_FACS_rep1,TRUE,TRUE,3
74998,CTTGCCAAGAACAGGA-1,33984,10844,266,5224,4861,7,2,12780,1,0,1205,0,0,0,1205,0,1902,3534,4.10656483484676,7.82411391909866e-05,0.148892887880448,56064,24850,0.443243436073059,250422_Day7RDam_DamLeo1_K27ac_FACS_rep1,TRUE,TRUE,3
77150,GAAAGTATCAGTTGAC-1,38053,12471,334,5259,5971,4,0,14014,1,0,1465,0,0,0,1465,0,2110,3847,4.1465931020963,7.13521227256511e-05,0.150624331073849,63406,27956,0.440904646247989,250422_Day7RDam_DamLeo1_K27ac_FACS_rep1,TRUE,TRUE,3
77893,GAACCTAAGAGCCTGA-1,38417,13251,355,5396,5179,0,6,14230,1,0,1506,0,0,0,1506,0,2285,4211,4.1532354186523,7.02691307708524e-05,0.160635232942168,64132,29567,0.461033493419822,250422_Day7RDam_DamLeo1_K27ac_FACS_rep1,TRUE,TRUE,3
78427,GAACGTTGTATTCTTC-1,29301,9939,342,4401,4072,0,2,10545,1,0,1081,0,0,0,1081,0,1606,2963,4.02308776699545,9.48226815854352e-05,0.152380049307794,48158,21642,0.449395739025707,250422_Day7RDam_DamLeo1_K27ac_FACS_rep1,TRUE,TRUE,3
78564,GAACGTTTCTGGTACA-1,22715,7259,253,3227,3526,0,0,8450,1,0,843,0,0,0,843,0,1209,2248,3.92690810170544,0.00011832919181162,0.14317832209206,37538,15586,0.415205924663008,250422_Day7RDam_DamLeo1_K27ac_FACS_rep1,TRUE,TRUE,3
78951,GAACTTGTCTGGACAT-1,33892,11280,378,4743,5344,1,1,12145,1,0,1373,0,0,0,1373,0,1974,3633,4.08443327678654,8.23316318129425e-05,0.162604972830561,56148,26429,0.470702429294009,250422_Day7RDam_DamLeo1_K27ac_FACS_rep1,TRUE,TRUE,3
79252,GAAGAGCTCACGGGTC-1,25936,8814,276,3556,3883,1,3,9403,1,0,847,0,0,0,847,0,1494,2758,3.9733126204529,0.000106337728626117,0.158974904296044,43220,19552,0.452383155946321,250422_Day7RDam_DamLeo1_K27ac_FACS_rep1,TRUE,TRUE,3
80129,GAATCTGAGGCTCCTG-1,36552,11652,422,4912,5826,1,2,13737,1,0,1413,0,0,0,1413,0,2128,3914,4.13792351204042,7.27907992429757e-05,0.154971611588295,61142,27408,0.44826796637336,250422_Day7RDam_DamLeo1_K27ac_FACS_rep1,TRUE,TRUE,3
80319,GAATCTGGTTGGGAAC-1,26332,8405,233,4097,4456,0,2,9139,1,0,987,0,0,0,987,0,1362,2505,3.96094619573383,0.000109409190371991,0.149124726477024,43118,19173,0.444663481608609,250422_Day7RDam_DamLeo1_K27ac_FACS_rep1,TRUE,TRUE,3
80908,GACCCAGGTACTTCAG-1,30999,10172,325,4525,4068,0,1,11908,1,0,1238,0,0,0,1238,0,1613,2950,4.07587529525983,8.39701066420354e-05,0.135527752120245,51032,21729,0.425791660134817,250422_Day7RDam_DamLeo1_K27ac_FACS_rep1,TRUE,TRUE,3
81828,GACTAACAGAAGACTT-1,29313,9987,330,4237,4301,0,0,10458,1,0,1147,0,0,0,1147,0,1589,2943,4.01949016299751,9.56114351276413e-05,0.15202218185295,48470,21164,0.436641221374046,250422_Day7RDam_DamLeo1_K27ac_FACS_rep1,TRUE,TRUE,3
81923,GACTAACCAACTACTG-1,25515,7682,247,3754,4123,1,3,9705,1,0,1025,0,0,0,1025,0,1409,2617,3.98704028697927,0.000103029054193283,0.145270966412528,42188,18522,0.439034796624633,250422_Day7RDam_DamLeo1_K27ac_FACS_rep1,TRUE,TRUE,3
81964,GACTAACCACTCCTCA-1,28757,8732,197,4591,4307,6,9,10915,1,0,920,0,0,0,920,0,1449,2708,4.03806352699786,9.16086478563576e-05,0.132832539391719,47158,19590,0.4154120191696,250422_Day7RDam_DamLeo1_K27ac_FACS_rep1,TRUE,TRUE,3
82218,GACTAGTAGTCTGGGA-1,23919,7881,283,3448,3785,1,0,8521,1,0,847,0,0,0,847,0,1141,2129,3.93054152986443,0.000117343346632246,0.134006101854025,39462,16276,0.412447417768993,250422_Day7RDam_DamLeo1_K27ac_FACS_rep1,TRUE,TRUE,3
83164,GAGACTTTCTCTTCTC-1,28265,9613,255,3913,3858,2,0,10624,1,0,1129,0,0,0,1129,0,1582,2901,4.02632893872235,9.41176470588235e-05,0.148988235294118,47282,21096,0.446174019711518,250422_Day7RDam_DamLeo1_K27ac_FACS_rep1,TRUE,TRUE,3
83482,GAGATTCTCCCACTTG-1,38832,11862,342,5413,5295,2,3,15915,1,0,1639,0,0,0,1639,0,2308,4247,4.20183393047435,6.28298567479266e-05,0.145074139230963,64972,28167,0.433525210860063,250422_Day7RDam_DamLeo1_K27ac_FACS_rep1,TRUE,TRUE,3
84211,GAGCGCTTCCAAGTCA-1,38186,12821,367,4977,6078,2,2,13939,1,0,1547,0,0,0,1547,0,2142,3965,4.14426277376199,7.17360114777618e-05,0.153730272596844,64322,29243,0.454634495196045,250422_Day7RDam_DamLeo1_K27ac_FACS_rep1,TRUE,TRUE,3
84281,GAGCGCTTCTTGTCGC-1,23983,7987,229,3286,3090,0,0,9391,1,0,1004,0,0,0,1004,0,1531,2841,3.97275808390354,0.000106473594548552,0.163117546848382,40070,18793,0.469004242575493,250422_Day7RDam_DamLeo1_K27ac_FACS_rep1,TRUE,TRUE,3
84983,GAGGCTCTCTCCTTAA-1,37362,12372,435,5110,6244,1,0,13200,1,0,1326,0,0,0,1326,0,2071,3841,4.12060683105677,7.57518369820468e-05,0.156957806226801,62436,28691,0.459526555192517,250422_Day7RDam_DamLeo1_K27ac_FACS_rep1,TRUE,TRUE,3
85218,GAGGTCCGTATGTCCA-1,45543,14917,509,6420,6870,6,6,16815,1,0,1818,0,0,0,1818,0,2699,4973,4.22572269868417,5.94671741198858e-05,0.160561370123692,75670,35514,0.469327342407823,250422_Day7RDam_DamLeo1_K27ac_FACS_rep1,TRUE,TRUE,3
85644,GAGTGAGGTGAGTAAT-1,29565,9826,256,4851,4154,13,1,10464,1,0,1054,0,0,0,1054,0,1503,2781,4.01973923267471,9.55566172957477e-05,0.143717152412805,47776,21113,0.441916443402545,250422_Day7RDam_DamLeo1_K27ac_FACS_rep1,TRUE,TRUE,3
85911,GATCATGCACTGTCAA-1,25231,8498,277,3489,3464,0,0,9503,1,0,931,0,0,0,931,0,1458,2703,3.97790642763712,0.000105218855218855,0.15351430976431,42054,19389,0.461050078470538,250422_Day7RDam_DamLeo1_K27ac_FACS_rep1,TRUE,TRUE,3
85917,GATCATGCAGAATGCG-1,43851,12667,414,6492,6624,2,0,17652,1,0,1860,0,0,0,1860,0,2819,5208,4.24681852121005,5.66475953095791e-05,0.159746218773013,72246,32634,0.451706668881322,250422_Day7RDam_DamLeo1_K27ac_FACS_rep1,TRUE,TRUE,3
86683,GATGATCTCAGTGTGT-1,35361,12303,355,4680,5306,4,0,12713,1,0,1461,0,0,0,1461,0,2274,4223,4.10428220709444,7.86534528865817e-05,0.178936605316973,59130,27891,0.471689497716895,250422_Day7RDam_DamLeo1_K27ac_FACS_rep1,TRUE,TRUE,3
86749,GATGATCTCTGCTACC-1,25966,8880,257,3339,3897,0,0,9593,1,0,1113,0,0,0,1113,0,1520,2814,3.98199971412988,0.000104231811548885,0.158536585365854,43718,19588,0.448053433368407,250422_Day7RDam_DamLeo1_K27ac_FACS_rep1,TRUE,TRUE,3
86865,GATGGCCCAAGAGATT-1,31451,10240,309,4858,4633,8,1,11402,1,0,1091,0,0,0,1091,0,1597,2953,4.05701912432277,8.76962202929054e-05,0.140138560028063,51400,22055,0.42908560311284,250422_Day7RDam_DamLeo1_K27ac_FACS_rep1,TRUE,TRUE,3
87088,GATGGCCTCGGTTCCT-1,47984,16478,474,6641,7062,0,4,17325,1,0,2025,0,0,0,2025,0,2894,5328,4.23869831006299,5.77167263072838e-05,0.167089922659587,79650,37002,0.464557438794727,250422_Day7RDam_DamLeo1_K27ac_FACS_rep1,TRUE,TRUE,3
88042,GCAAAGGGTTTCAGCA-1,27678,8905,257,4064,3960,6,0,10486,1,0,967,0,0,0,967,0,1517,2828,4.02065126800434,9.53561552398207e-05,0.144750643654048,45770,19870,0.434127157526764,250422_Day7RDam_DamLeo1_K27ac_FACS_rep1,TRUE,TRUE,3
88313,GCAACCGCAGTAAGCG-1,25182,7955,269,3379,4016,1,1,9561,1,0,1008,0,0,0,1008,0,1593,2934,3.98054873935977,0.000104580631667015,0.166701526877222,42070,19452,0.462372236748277,250422_Day7RDam_DamLeo1_K27ac_FACS_rep1,TRUE,TRUE,3
88358,GCAACCGGTAGCCATT-1,28922,9831,302,3989,4231,5,1,10563,1,0,1020,0,0,0,1020,0,1471,2695,4.02382839253489,9.46611132146914e-05,0.139341158652026,48134,20278,0.421282253708397,250422_Day7RDam_DamLeo1_K27ac_FACS_rep1,TRUE,TRUE,3
88451,GCAACCGTCATACTTC-1,41018,13730,469,6006,5585,3,4,15221,1,0,1612,0,0,0,1612,0,2301,4228,4.18247171760537,6.56943896991197e-05,0.151228485087374,67654,29989,0.443270168800071,250422_Day7RDam_DamLeo1_K27ac_FACS_rep1,TRUE,TRUE,3
90103,GCAGCCAGTGGACAGT-1,24852,8133,238,3779,3895,1,7,8799,1,0,874,0,0,0,874,0,1170,2168,3.94448267215017,0.000113636363636364,0.133068181818182,40786,16486,0.40420732604325,250422_Day7RDam_DamLeo1_K27ac_FACS_rep1,TRUE,TRUE,3
90464,GCAGCTGGTGGTGGTA-1,25094,8730,303,3431,3747,4,1,8878,1,0,919,0,0,0,919,0,1390,2569,3.94836405598837,0.000112625295641401,0.156661786237189,41880,19207,0.458619866284623,250422_Day7RDam_DamLeo1_K27ac_FACS_rep1,TRUE,TRUE,3
91315,GCATTGAAGTCGTATC-1,38400,12493,417,5430,5923,0,3,14134,1,0,1328,0,0,0,1328,0,2143,3974,4.15029581282554,7.07463742483198e-05,0.151680226388398,63720,28945,0.454252981795355,250422_Day7RDam_DamLeo1_K27ac_FACS_rep1,TRUE,TRUE,3
91570,GCCAGACAGCAGTAGC-1,23308,7715,247,3470,3307,0,1,8568,1,0,883,0,0,0,883,0,1199,2203,3.93293014283079,0.000116699731590617,0.140039677908741,38282,17156,0.448147954652317,250422_Day7RDam_DamLeo1_K27ac_FACS_rep1,TRUE,TRUE,3
92278,GCCATAAAGTAACATG-1,29921,8182,268,4875,4224,1,1,12370,1,0,1142,0,0,0,1142,0,1734,3201,4.09240480689901,8.08342090372646e-05,0.140247352679654,48710,20642,0.423773352494354,250422_Day7RDam_DamLeo1_K27ac_FACS_rep1,TRUE,TRUE,3
93063,GCCCGAACACAAGGGT-1,26777,8559,277,4061,3849,1,0,10030,1,0,886,0,0,0,886,0,1461,2707,4.0013442304116,9.96909580301067e-05,0.145748180640016,43888,19245,0.438502551950419,250422_Day7RDam_DamLeo1_K27ac_FACS_rep1,TRUE,TRUE,3
93406,GCCTACTCAGCTGATT-1,28479,9541,302,4126,4018,0,0,10492,1,0,1133,0,0,0,1133,0,1457,2676,4.02089967286254,9.53016296578671e-05,0.13894977604117,47088,20456,0.434420659191301,250422_Day7RDam_DamLeo1_K27ac_FACS_rep1,TRUE,TRUE,3
93560,GCCTACTTCGTGCTTC-1,42526,14213,471,5756,6142,0,7,15937,1,0,1687,0,0,0,1687,0,2481,4592,4.20243382248923,6.27431296273058e-05,0.155728447734973,70956,31950,0.450279046169457,250422_Day7RDam_DamLeo1_K27ac_FACS_rep1,TRUE,TRUE,3
94907,GCGATCGGTGAATCAA-1,43421,14960,371,5908,6060,5,4,16113,1,0,1748,0,0,0,1748,0,2339,4293,4.20720335930803,6.20578379049274e-05,0.14521534069753,72608,32120,0.442375495813134,250422_Day7RDam_DamLeo1_K27ac_FACS_rep1,TRUE,TRUE,3
95874,GCGCCAACAACTAGAA-1,29909,10023,307,4132,4341,0,2,11104,1,0,1180,0,0,0,1180,0,1695,3129,4.04551856288449,9.0049527239982e-05,0.152723998199009,49838,21922,0.439865163128536,250422_Day7RDam_DamLeo1_K27ac_FACS_rep1,TRUE,TRUE,3
96982,GCGGTGTCAAGAAACT-1,53132,17517,601,7672,8624,2,2,18714,1,0,1992,0,0,0,1992,0,2935,5412,4.27218983145044,5.34330750734705e-05,0.156879508415709,87404,39947,0.457038579470047,250422_Day7RDam_DamLeo1_K27ac_FACS_rep1,TRUE,TRUE,3
97942,GCGTTGGTCACGGGTC-1,22618,7656,298,2663,3427,0,0,8574,1,0,767,0,0,0,767,0,1223,2232,3.93323412871481,0.000116618075801749,0.142740524781341,38230,16387,0.428642427413026,250422_Day7RDam_DamLeo1_K27ac_FACS_rep1,TRUE,TRUE,3
99912,GCTGCGAGTGCACATT-1,29129,9350,298,4203,4623,0,0,10655,1,0,1161,0,0,0,1161,0,1642,3042,4.02759421182623,9.38438438438438e-05,0.154185435435435,48212,22134,0.459097320169252,250422_Day7RDam_DamLeo1_K27ac_FACS_rep1,TRUE,TRUE,3
99981,GCTGCGATCGGTCGAC-1,24661,8260,302,3712,3723,0,3,8661,1,0,883,0,0,0,883,0,1332,2455,3.93761817939382,0.000115446779034865,0.153890556453475,40476,19102,0.471933985571697,250422_Day7RDam_DamLeo1_K27ac_FACS_rep1,TRUE,TRUE,3
100912,GCTTGCTGTCACAGTT-1,28585,9549,306,4014,4104,5,1,10606,1,0,1160,0,0,0,1160,0,1733,3200,4.02559256885167,9.42773640049024e-05,0.163476949184501,47434,21668,0.456803136990344,250422_Day7RDam_DamLeo1_K27ac_FACS_rep1,TRUE,TRUE,3
101600,GGAACCCGTCACTCTC-1,24659,8369,298,3524,3628,0,1,8839,1,0,840,0,0,0,840,0,1288,2381,3.94645226501307,0.000113122171945701,0.145814479638009,40842,17722,0.433916066793987,250422_Day7RDam_DamLeo1_K27ac_FACS_rep1,TRUE,TRUE,3
101998,GGAACTTGTGGTTCTA-1,30631,9860,252,4361,4550,5,0,11603,1,0,1139,0,0,0,1139,0,1664,3058,4.06460772013063,8.61771802826612e-05,0.143485005170631,50986,22324,0.437845683128702,250422_Day7RDam_DamLeo1_K27ac_FACS_rep1,TRUE,TRUE,3
103658,GGAGTAGAGTCTGCTA-1,25197,8979,242,3440,3320,5,1,9210,1,0,1006,0,0,0,1006,0,1645,3043,3.96430678230394,0.000108565845185105,0.178699381174682,42158,20636,0.489491911380995,250422_Day7RDam_DamLeo1_K27ac_FACS_rep1,TRUE,TRUE,3
103660,GGAGTAGAGTCTGTGT-1,28369,9326,205,4457,4182,1,1,10197,1,0,1009,0,0,0,1009,0,1464,2699,4.00851500763145,9.80584428319278e-05,0.143655618748774,46342,20034,0.4323076259117,250422_Day7RDam_DamLeo1_K27ac_FACS_rep1,TRUE,TRUE,3
103740,GGAGTAGCAGGATAGC-1,25999,8488,248,3571,3908,0,1,9783,1,0,1091,0,0,0,1091,0,1618,2986,3.99051644402823,0.000102207686017989,0.165474243663123,43302,20376,0.470555632534294,250422_Day7RDam_DamLeo1_K27ac_FACS_rep1,TRUE,TRUE,3
104695,GGCACGTAGTCATACC-1,27011,8748,268,3727,4314,3,3,9948,1,0,1152,0,0,0,1152,0,1613,2965,3.9977794308656,0.000100512614333099,0.162227359533621,45130,20918,0.463505428761356,250422_Day7RDam_DamLeo1_K27ac_FACS_rep1,TRUE,TRUE,3
105048,GGCATTAAGTAACATG-1,23897,5496,257,3812,3415,2,0,10915,1,0,1150,0,0,0,1150,0,1534,2841,4.03806352699786,9.16086478563576e-05,0.140619274459509,38734,16771,0.43297877833428,250422_Day7RDam_DamLeo1_K27ac_FACS_rep1,TRUE,TRUE,3
106120,GGGAACAAGGAAACTT-1,34275,11663,308,4910,4801,2,0,12591,1,0,1397,0,0,0,1397,0,2089,3849,4.10009471501499,7.9415501905972e-05,0.165978398983482,56818,26807,0.471804709775071,250422_Day7RDam_DamLeo1_K27ac_FACS_rep1,TRUE,TRUE,3
106718,GGGACCTTCACATTCT-1,34901,11293,316,5457,5023,3,0,12809,1,0,1153,0,0,0,1153,0,1862,3463,4.10754912974469,7.8064012490242e-05,0.145433255269321,57026,24540,0.430330024900922,250422_Day7RDam_DamLeo1_K27ac_FACS_rep1,TRUE,TRUE,3
107108,GGGCCATTCGCGGCAT-1,35892,11542,336,5408,5466,3,0,13137,1,0,1342,0,0,0,1342,0,1952,3579,4.11852925753174,7.61150860100472e-05,0.148652762977622,58782,26033,0.44287366881018,250422_Day7RDam_DamLeo1_K27ac_FACS_rep1,TRUE,TRUE,3
107135,GGGCCATTCTGAACGT-1,32853,10760,331,4623,5078,4,0,12057,1,0,1249,0,0,0,1249,0,1963,3627,4.08127527952933,8.29324929507381e-05,0.16287941615525,54516,25870,0.474539584709076,250422_Day7RDam_DamLeo1_K27ac_FACS_rep1,TRUE,TRUE,3
108091,GGGTTATCATCACAGT-1,40556,13864,377,5365,5982,0,2,14966,1,0,1462,0,0,0,1462,0,2438,4487,4.17513475865884,6.68136567114318e-05,0.162958508719182,68190,32589,0.477914650241971,250422_Day7RDam_DamLeo1_K27ac_FACS_rep1,TRUE,TRUE,3
108559,GGTACCGTCCATAGGT-1,28953,9541,296,4156,4280,0,0,10680,1,0,985,0,0,0,985,0,1470,2724,4.02861191506623,9.36241924913398e-05,0.137721187154761,47800,19814,0.414518828451883,250422_Day7RDam_DamLeo1_K27ac_FACS_rep1,TRUE,TRUE,3
108586,GGTACCGTCGCCTTAC-1,26681,9023,243,4226,3835,3,3,9348,1,0,837,0,0,0,837,0,1203,2248,3.97076515978077,0.000106963311584127,0.128783827147288,43608,18221,0.417836176848285,250422_Day7RDam_DamLeo1_K27ac_FACS_rep1,TRUE,TRUE,3
111042,GTAATCGGTCTGCGCA-1,35426,11766,303,5066,5036,0,5,13250,1,0,1333,0,0,0,1333,0,1981,3661,4.12224865397805,7.54660025658441e-05,0.149573617085503,59020,26276,0.445205015249068,250422_Day7RDam_DamLeo1_K27ac_FACS_rep1,TRUE,TRUE,3
112565,GTCACAAAGAGCGAAA-1,29834,10136,270,4397,4218,2,0,10811,1,0,1083,0,0,0,1083,0,1667,3097,4.03390603702669,9.24898261191269e-05,0.154273029966704,49306,22607,0.458504036019957,250422_Day7RDam_DamLeo1_K27ac_FACS_rep1,TRUE,TRUE,3
113932,GTCCATCAGCTTTCCC-1,48076,15346,433,7151,7196,1,7,17942,1,0,1852,0,0,0,1852,0,2715,5013,4.25389505713177,5.57320403499972e-05,0.151368221590592,79424,35399,0.445696514907333,250422_Day7RDam_DamLeo1_K27ac_FACS_rep1,TRUE,TRUE,3
114484,GTCGTAATCATAGGTC-1,39261,13186,469,5329,5888,1,1,14387,1,0,1643,0,0,0,1643,0,2264,4185,4.15800042914647,6.95023630803447e-05,0.157422852376981,65292,30338,0.46465110580163,250422_Day7RDam_DamLeo1_K27ac_FACS_rep1,TRUE,TRUE,3
114611,GTCTACCAGGTGAACC-1,25104,8386,274,3544,3979,5,0,8916,1,0,807,0,0,0,807,0,1302,2411,3.95021876664186,0.000112145340361108,0.146125378490524,41806,17647,0.422116442615892,250422_Day7RDam_DamLeo1_K27ac_FACS_rep1,TRUE,TRUE,3
115865,GTGCACGTCCTGTAGA-1,22973,7412,283,3269,3342,0,1,8666,1,0,1039,0,0,0,1039,0,1310,2422,3.93786879656386,0.000115380177685474,0.151263412945656,37758,17667,0.467900842205625,250422_Day7RDam_DamLeo1_K27ac_FACS_rep1,TRUE,TRUE,3
116388,GTGCTGGCACAATAAG-1,22933,6381,157,3786,3237,9,0,9363,1,0,786,0,0,0,786,0,1239,2308,3.97146140502459,0.000106791969243913,0.132422041862452,37140,15410,0.414916532040926,250422_Day7RDam_DamLeo1_K27ac_FACS_rep1,TRUE,TRUE,3
118807,GTTACGAGTCTGTCCT-1,29390,9380,288,4121,4632,0,0,10969,1,0,1061,0,0,0,1061,0,1465,2701,4.04020662757471,9.11577028258888e-05,0.133637192342753,48774,20330,0.416820437118137,250422_Day7RDam_DamLeo1_K27ac_FACS_rep1,TRUE,TRUE,3
119596,GTTATGGTCCAACAAC-1,28484,9670,339,4135,3917,0,2,10421,1,0,1074,0,0,0,1074,0,1613,2985,4.01795106883074,9.59508731529457e-05,0.154864709268854,46942,20978,0.446891909164501,250422_Day7RDam_DamLeo1_K27ac_FACS_rep1,TRUE,TRUE,3
119729,GTTATTCAGTAGACCG-1,22307,6494,233,3274,3032,0,1,9273,1,0,871,0,0,0,871,0,1262,2314,3.96726709155979,0.000107828337287039,0.13618718999353,36836,14860,0.403409707894451,250422_Day7RDam_DamLeo1_K27ac_FACS_rep1,TRUE,TRUE,3
120174,GTTCAAGGTGCAAAGC-1,35860,11603,432,5277,5558,3,2,12985,1,0,1556,0,0,0,1556,0,2115,3928,4.11347539853674,7.70060064685045e-05,0.162944709687356,58922,27943,0.474237127049319,250422_Day7RDam_DamLeo1_K27ac_FACS_rep1,TRUE,TRUE,3
120770,GTTGGTAAGTCTGGGA-1,24898,8005,255,3579,4221,0,2,8836,1,0,966,0,0,0,966,0,1285,2365,3.94630485499347,0.00011316057485572,0.145524499264456,41274,18687,0.452754760866405,250422_Day7RDam_DamLeo1_K27ac_FACS_rep1,TRUE,TRUE,3
123340,TAATCGGTCGAAGCCC-1,33523,11200,345,4718,5079,5,5,12171,1,0,1316,0,0,0,1316,0,1852,3412,4.08536194368613,8.21557673348669e-05,0.152234636871508,55582,25126,0.45205282285632,250422_Day7RDam_DamLeo1_K27ac_FACS_rep1,TRUE,TRUE,3
124628,TACATTCGTATTCGCA-1,42099,14167,422,5556,6519,2,2,15431,1,0,1752,0,0,0,1752,0,2599,4799,4.18842221463583,6.48004147226542e-05,0.168481078278901,70706,33594,0.475122337566826,250422_Day7RDam_DamLeo1_K27ac_FACS_rep1,TRUE,TRUE,3
124808,TACCCTGAGCATGTGG-1,29410,8193,329,3892,4525,0,1,12470,1,0,1169,0,0,0,1169,0,1903,3528,4.09590127922588,8.01860315932964e-05,0.152674204153636,49008,21688,0.442539993470454,250422_Day7RDam_DamLeo1_K27ac_FACS_rep1,TRUE,TRUE,3
125306,TACCTATGTCATTGGT-1,42315,14448,401,6077,6001,3,0,15385,1,0,1481,0,0,0,1481,0,2342,4339,4.18712572810173,6.49941505264526e-05,0.152281294683478,70128,31945,0.45552418434862,250422_Day7RDam_DamLeo1_K27ac_FACS_rep1,TRUE,TRUE,3
125543,TACCTCGAGTTCGCGC-1,38644,12638,350,5625,5388,7,1,14635,1,0,1443,0,0,0,1443,0,2177,4040,4.16542240081457,6.83246788740093e-05,0.148811150587592,63928,27814,0.435083218620949,250422_Day7RDam_DamLeo1_K27ac_FACS_rep1,TRUE,TRUE,3
126372,TACGCCTGTGAGAGTC-1,39038,13541,396,5199,5921,0,2,13979,1,0,1479,0,0,0,1479,0,2211,4089,4.14550717140966,7.15307582260372e-05,0.158226037195994,65376,29655,0.453606828193833,250422_Day7RDam_DamLeo1_K27ac_FACS_rep1,TRUE,TRUE,3
126482,TACGCCTTCTATATCC-1,37585,12461,389,5513,5641,1,2,13578,1,0,1357,0,0,0,1357,0,1944,3618,4.13286778831908,7.36431254142426e-05,0.143235878930702,61994,27210,0.438913443236442,250422_Day7RDam_DamLeo1_K27ac_FACS_rep1,TRUE,TRUE,3
127531,TACTGCCAGAGCCACA-1,25409,8718,288,3614,3615,0,0,9174,1,0,836,0,0,0,836,0,1412,2601,3.96260607292413,0.000108991825613079,0.154005449591281,42126,19206,0.455917960404501,250422_Day7RDam_DamLeo1_K27ac_FACS_rep1,TRUE,TRUE,3
127897,TAGACTGAGGCACTAG-1,25513,7866,231,3826,4048,5,0,9537,1,0,888,0,0,0,888,0,1211,2268,3.97945731809785,0.000104843782763682,0.127070664709583,42012,17025,0.40524135961154,250422_Day7RDam_DamLeo1_K27ac_FACS_rep1,TRUE,TRUE,3
128227,TAGCACAAGCCATTCA-1,36392,12084,376,5035,5975,10,3,12909,1,0,1238,0,0,0,1238,0,1985,3646,4.11092624226642,7.74593338497289e-05,0.153834237025562,60602,26586,0.438698392792317,250422_Day7RDam_DamLeo1_K27ac_FACS_rep1,TRUE,TRUE,3
128923,TAGCCCTAGGCTTTAC-1,24296,8142,231,3388,3764,0,0,8771,1,0,887,0,0,0,887,0,1480,2744,3.94309862300549,0.000113999088007296,0.168832649338805,40374,18832,0.466438797245752,250422_Day7RDam_DamLeo1_K27ac_FACS_rep1,TRUE,TRUE,3
129078,TAGCCCTGTCTCTAAG-1,28154,9496,241,4103,3865,7,2,10440,1,0,1006,0,0,0,1006,0,1448,2654,4.01874209576238,9.57762666411263e-05,0.138779810362992,46708,20580,0.440609745653849,250422_Day7RDam_DamLeo1_K27ac_FACS_rep1,TRUE,TRUE,3
130017,TAGCTTTAGCTCCGGT-1,27516,9377,251,4257,3896,5,0,9730,1,0,872,0,0,0,872,0,1319,2447,3.98815747255675,0.000102764361319494,0.135648956941733,45002,19116,0.424781120839074,250422_Day7RDam_DamLeo1_K27ac_FACS_rep1,TRUE,TRUE,3
131019,TAGGTGTAGGAATGGA-1,25699,9122,294,3434,3580,0,8,9261,1,0,925,0,0,0,925,0,1471,2714,3.96670477665787,0.000107968041459728,0.15892895702872,42924,19998,0.465893206597708,250422_Day7RDam_DamLeo1_K27ac_FACS_rep1,TRUE,TRUE,3
131572,TAGTCCCGTTTCCACC-1,24226,7536,191,3704,3568,7,2,9218,1,0,849,0,0,0,849,0,1309,2415,3.96468381497604,0.000108471634667534,0.14209784141447,39868,17026,0.42705929567573,250422_Day7RDam_DamLeo1_K27ac_FACS_rep1,TRUE,TRUE,3
132359,TATGTGGAGTCGAAAT-1,28936,9409,263,4622,4257,6,9,10370,1,0,950,0,0,0,950,0,1491,2772,4.01582063426207,9.64227171921705e-05,0.143862694050718,47112,20808,0.441670911869587,250422_Day7RDam_DamLeo1_K27ac_FACS_rep1,TRUE,TRUE,3
132368,TATGTGGAGTTCAAGA-1,27560,9044,267,3966,3999,6,1,10277,1,0,1128,0,0,0,1128,0,1525,2807,4.01190861334915,9.72951936174353e-05,0.148472465460206,45724,20097,0.43952847519902,250422_Day7RDam_DamLeo1_K27ac_FACS_rep1,TRUE,TRUE,3
133304,TCAAAGCAGCATACCT-1,39943,13024,382,5683,6655,3,2,14194,1,0,1456,0,0,0,1456,0,2056,3809,4.15213539686188,7.04473406128919e-05,0.144910179640719,66276,29089,0.438906994990645,250422_Day7RDam_DamLeo1_K27ac_FACS_rep1,TRUE,TRUE,3
133359,TCAAAGCAGTCCGATT-1,31582,10809,330,4518,4877,4,4,11040,1,0,1075,0,0,0,1075,0,1410,2610,4.04300840987995,9.05715062041482e-05,0.127796395254053,52362,21895,0.418146747641419,250422_Day7RDam_DamLeo1_K27ac_FACS_rep1,TRUE,TRUE,3
133473,TCAAAGCGTAAACGAT-1,23911,7960,267,3473,3444,0,0,8767,1,0,830,0,0,0,830,0,1264,2337,3.94290054114029,0.000114051094890511,0.144274635036496,39382,17008,0.43187242902849,250422_Day7RDam_DamLeo1_K27ac_FACS_rep1,TRUE,TRUE,3
133637,TCAAGACAGAGCCTGA-1,25919,8696,215,3717,3946,0,2,9343,1,0,930,0,0,0,930,0,1545,2851,3.97053282976832,0.000107020547945205,0.165453767123288,43090,20710,0.480621954049664,250422_Day7RDam_DamLeo1_K27ac_FACS_rep1,TRUE,TRUE,3
134275,TCAAGCATCGTCCCAT-1,34637,11736,391,4726,5610,8,0,12166,1,0,1236,0,0,0,1236,0,1785,3332,4.08518350805278,8.21895290539985e-05,0.146790498890441,57678,25582,0.443531329102951,250422_Day7RDam_DamLeo1_K27ac_FACS_rep1,TRUE,TRUE,3
134520,TCAAGGTGTGACAAGC-1,29297,9429,252,4389,4129,8,6,11084,1,0,991,0,0,0,991,0,1535,2856,4.04473569745051,9.021199819576e-05,0.138565629228687,48210,20988,0.435345364032358,250422_Day7RDam_DamLeo1_K27ac_FACS_rep1,TRUE,TRUE,3
134815,TCAATTCCAGCAACAG-1,29386,8665,290,4637,4131,4,3,11656,1,0,1199,0,0,0,1199,0,1796,3317,4.06658679647069,8.57853650167281e-05,0.15415630093506,47736,21433,0.448990279872633,250422_Day7RDam_DamLeo1_K27ac_FACS_rep1,TRUE,TRUE,3
134888,TCAATTCGTGACCAGA-1,38164,12858,382,5506,5437,0,0,13981,1,0,1483,0,0,0,1483,0,2086,3877,4.14556929779299,7.15205263910742e-05,0.149263338578172,63182,29173,0.461729606533506,250422_Day7RDam_DamLeo1_K27ac_FACS_rep1,TRUE,TRUE,3
135195,TCACAAGGTAGTAACA-1,40451,13201,375,5683,6325,2,0,14865,1,0,1395,0,0,0,1395,0,2002,3692,4.17219412846693,6.72675904749092e-05,0.134736983721243,67270,27838,0.413824884792627,250422_Day7RDam_DamLeo1_K27ac_FACS_rep1,TRUE,TRUE,3
135615,TCACAGATCCAGGTCG-1,24825,8517,226,3476,3613,0,1,8992,1,0,961,0,0,0,961,0,1448,2681,3.95390459341346,0.00011119759813188,0.161125319693095,41380,18976,0.458579023682939,250422_Day7RDam_DamLeo1_K27ac_FACS_rep1,TRUE,TRUE,3
136365,TCACCTGTCGTCAACA-1,40273,12995,449,5632,6924,6,4,14263,1,0,1479,0,0,0,1479,0,2028,3739,4.1542413301673,7.01065619742008e-05,0.142246214245653,67020,29335,0.437705162638019,250422_Day7RDam_DamLeo1_K27ac_FACS_rep1,TRUE,TRUE,3
136651,TCACTCGTCCCAATAG-1,40753,11711,439,5720,5885,4,0,16994,1,0,1802,0,0,0,1802,0,2825,5220,4.23032116891908,5.88408355398647e-05,0.166284201235658,67326,31075,0.461560169919496,250422_Day7RDam_DamLeo1_K27ac_FACS_rep1,TRUE,TRUE,3
137217,TCAGGGCCATCCTCGT-1,27182,9313,324,3568,4128,0,0,9849,1,0,979,0,0,0,979,0,1396,2585,3.99343623049761,0.000101522842639594,0.141827411167513,45388,19498,0.429584912311624,250422_Day7RDam_DamLeo1_K27ac_FACS_rep1,TRUE,TRUE,3
138343,TCAGTTTTCCGTCAAA-1,30447,10359,307,4459,4263,16,3,11040,1,0,989,0,0,0,989,0,1666,3068,4.04300840987995,9.05715062041482e-05,0.150982700842315,50260,22262,0.442936729009152,250422_Day7RDam_DamLeo1_K27ac_FACS_rep1,TRUE,TRUE,3
138503,TCCAGAACAATGCCAT-1,31278,10495,374,4534,4703,0,0,11172,1,0,1040,0,0,0,1040,0,1648,3050,4.04816979876602,8.95014767743668e-05,0.147587935200931,51382,22284,0.433692732863649,250422_Day7RDam_DamLeo1_K27ac_FACS_rep1,TRUE,TRUE,3
139667,TCCGACTTCGGGACAA-1,38258,12898,393,5548,5309,2,0,14108,1,0,1376,0,0,0,1376,0,2144,3954,4.14949623346574,7.0876745339854e-05,0.152030618753987,63380,28701,0.452840012622278,250422_Day7RDam_DamLeo1_K27ac_FACS_rep1,TRUE,TRUE,3
140583,TCGCAGGGTCGTAGTT-1,22432,7691,232,2993,3126,0,3,8387,1,0,773,0,0,0,773,0,1153,2141,3.92365842179331,0.000119217930376729,0.137577491654745,37634,16053,0.426555774034118,250422_Day7RDam_DamLeo1_K27ac_FACS_rep1,TRUE,TRUE,3
140764,TCGCCTAAGCATTCCA-1,31029,10620,352,4472,4520,0,2,11063,1,0,1190,0,0,0,1190,0,1508,2783,4.04391216710125,9.03832248734635e-05,0.136388286334056,51468,21920,0.425895702183881,250422_Day7RDam_DamLeo1_K27ac_FACS_rep1,TRUE,TRUE,3
141459,TCGTTCGAGAGCGAAA-1,35330,11858,381,4841,5352,0,0,12898,1,0,1412,0,0,0,1412,0,2107,3865,4.11055604275538,7.75253895650826e-05,0.163423521203194,58900,27216,0.462071307300509,250422_Day7RDam_DamLeo1_K27ac_FACS_rep1,TRUE,TRUE,3
142077,TCTAGTTTCGAGTGTT-1,23693,7554,241,3256,3652,7,1,8982,1,0,1002,0,0,0,1002,0,1494,2804,3.95342139968104,0.000111321384838027,0.166425470332851,39642,18391,0.463927147974371,250422_Day7RDam_DamLeo1_K27ac_FACS_rep1,TRUE,TRUE,3
142454,TCTCAGCAGTAACTCC-1,37543,12686,334,5359,5555,1,3,13605,1,0,1308,0,0,0,1308,0,2056,3790,4.13373046662455,7.34969866235484e-05,0.151183301484639,62436,28207,0.451774617208021,250422_Day7RDam_DamLeo1_K27ac_FACS_rep1,TRUE,TRUE,3
142922,TCTCTGGGTAACGGTG-1,18087,3670,208,2828,2778,0,1,8602,1,0,881,0,0,0,881,0,1296,2383,3.93464992290071,0.000116238521446007,0.150761362315471,29332,12425,0.423598799945452,250422_Day7RDam_DamLeo1_K27ac_FACS_rep1,TRUE,TRUE,3
144265,TGAGCCGGTAGACACG-1,31248,9907,355,4389,4647,3,1,11946,1,0,1214,0,0,0,1214,0,1799,3335,4.07725886369295,8.37030216790826e-05,0.150665439022349,51692,23028,0.445484794552349,250422_Day7RDam_DamLeo1_K27ac_FACS_rep1,TRUE,TRUE,3
144266,TGAGCCGGTAGAGAGA-1,39029,12696,418,5627,6207,2,1,14078,1,0,1491,0,0,0,1491,0,2103,3899,4.14857180893216,7.10277718587968e-05,0.149442431990908,64464,28745,0.445907793497146,250422_Day7RDam_DamLeo1_K27ac_FACS_rep1,TRUE,TRUE,3
144473,TGAGTCAAGGAACCGT-1,26753,9114,288,4010,3960,5,6,9370,1,0,830,0,0,0,830,0,1372,2555,3.97178593787911,0.00010671219720414,0.146515846761285,44024,19832,0.450481555515174,250422_Day7RDam_DamLeo1_K27ac_FACS_rep1,TRUE,TRUE,3
145699,TGATTTCTCCCTACGT-1,30656,10213,321,4253,4452,2,3,11412,1,0,1218,0,0,0,1218,0,1841,3369,4.05739981726606,8.76193814071673e-05,0.161394900552002,50976,23067,0.452507062146893,250422_Day7RDam_DamLeo1_K27ac_FACS_rep1,TRUE,TRUE,3
146606,TGCATTTCAGGTAGGT-1,46750,15300,486,6839,7196,0,8,16921,1,0,1682,0,0,0,1682,0,2521,4649,4.2284516907144,5.90946696607966e-05,0.149036756884529,76906,33878,0.440511793618183,250422_Day7RDam_DamLeo1_K27ac_FACS_rep1,TRUE,TRUE,3
146704,TGCATTTTCAGTGTAC-1,31329,10412,318,4257,4914,1,8,11419,1,0,1214,0,0,0,1214,0,1766,3269,4.05766610390983,8.75656742556918e-05,0.154728546409807,52214,23222,0.444746619680545,250422_Day7RDam_DamLeo1_K27ac_FACS_rep1,TRUE,TRUE,3
150333,TGGCAATCACTCAGCG-1,39041,11808,448,5558,5434,5,3,15785,1,0,1693,0,0,0,1693,0,2455,4515,4.19827209846935,6.33472697326745e-05,0.155580894463449,64704,29751,0.459801557863501,250422_Day7RDam_DamLeo1_K27ac_FACS_rep1,TRUE,TRUE,3
151002,TGGCGCACAAAGGTCG-1,25261,8194,298,3576,3758,0,0,9435,1,0,900,0,0,0,900,0,1387,2546,3.97478793221356,0.000105977108944468,0.147096227214922,41804,17986,0.430245909482346,250422_Day7RDam_DamLeo1_K27ac_FACS_rep1,TRUE,TRUE,3
151701,TGGGTTACAACTCCCT-1,44307,14677,382,6536,6672,14,3,16023,1,0,1566,0,0,0,1566,0,2458,4527,4.20477093628552,6.24063904143784e-05,0.153457314028957,73124,32974,0.450932662327006,250422_Day7RDam_DamLeo1_K27ac_FACS_rep1,TRUE,TRUE,3
151708,TGGGTTACAAGCAGGT-1,31689,10564,292,4524,4524,0,4,11781,1,0,1271,0,0,0,1271,0,1935,3572,4.07121901839997,8.48752334068919e-05,0.164318451875743,52558,24898,0.473724266524601,250422_Day7RDam_DamLeo1_K27ac_FACS_rep1,TRUE,TRUE,3
153318,TGTACAGTCGTGGTAT-1,36938,12304,381,5288,5516,0,3,13446,1,0,1376,0,0,0,1376,0,1830,3382,4.12862540487595,7.43660295976798e-05,0.136164200193352,60932,25980,0.426376944790914,250422_Day7RDam_DamLeo1_K27ac_FACS_rep1,TRUE,TRUE,3
154146,TGTGACACATCCTCGT-1,24122,8171,211,3485,3142,3,1,9109,1,0,836,0,0,0,836,0,1328,2455,3.959518376973,0.000109769484083425,0.145883644346872,39994,17632,0.440866129919488,250422_Day7RDam_DamLeo1_K27ac_FACS_rep1,TRUE,TRUE,3
155615,TTAACGGTCCCGAAGC-1,36411,12123,421,4955,5315,2,4,13591,1,0,1442,0,0,0,1442,0,2189,4039,4.13328336586099,7.35726898175397e-05,0.161124190700412,60532,27423,0.453033106456089,250422_Day7RDam_DamLeo1_K27ac_FACS_rep1,TRUE,TRUE,3
157487,TTACTTGCATACTGCA-1,30256,10086,307,4151,4730,0,0,10982,1,0,1166,0,0,0,1166,0,1839,3412,4.04072098360119,9.10498042429209e-05,0.167531639806974,50520,23147,0.458174980205859,250422_Day7RDam_DamLeo1_K27ac_FACS_rep1,TRUE,TRUE,3
158308,TTAGCTTTCGGTCGAC-1,23047,7874,259,3220,3312,0,0,8382,1,0,829,0,0,0,829,0,1242,2304,3.92339946615872,0.000119289037337469,0.148276273410474,38128,16804,0.440725975660932,250422_Day7RDam_DamLeo1_K27ac_FACS_rep1,TRUE,TRUE,3
160652,TTCGCGTTCGCGATGC-1,23541,7581,224,3327,3509,0,1,8899,1,0,966,0,0,0,966,0,1455,2674,3.94939000664491,0.000112359550561798,0.163595505617978,39060,18096,0.463287250384025,250422_Day7RDam_DamLeo1_K27ac_FACS_rep1,TRUE,TRUE,3
160932,TTCGGTCGTTAACTCG-1,28982,9179,307,4063,4208,3,1,11221,1,0,1217,0,0,0,1217,0,1921,3536,4.05007026436744,8.911067545892e-05,0.171270718232044,48168,22749,0.472284504235177,250422_Day7RDam_DamLeo1_K27ac_FACS_rep1,TRUE,TRUE,3
161092,TTCGTTAAGGCAATTA-1,38845,12590,449,5413,5936,1,1,14455,1,0,1371,0,0,0,1371,0,2200,4067,4.16004813955288,6.91754288876591e-05,0.152255118981738,64426,28458,0.441716077360072,250422_Day7RDam_DamLeo1_K27ac_FACS_rep1,TRUE,TRUE,3
161238,TTCGTTAGTCATTGCA-1,23258,7297,283,3407,3456,0,4,8811,1,0,881,0,0,0,881,0,1196,2231,3.94507448847873,0.000113481615978212,0.135837494325919,38360,16353,0.426303441084463,250422_Day7RDam_DamLeo1_K27ac_FACS_rep1,TRUE,TRUE,3
161613,TTCTAACGTTCTACCC-1,37393,12399,352,5382,5551,0,1,13708,1,0,1352,0,0,0,1352,0,2192,4055,4.1370057764291,7.29447808009337e-05,0.159967904296448,62128,28678,0.461595415915529,250422_Day7RDam_DamLeo1_K27ac_FACS_rep1,TRUE,TRUE,3
161815,TTCTGTACAGAGATGC-1,21902,6994,281,3048,3205,5,0,8369,1,0,764,0,0,0,764,0,1130,2081,3.92272545799326,0.0001194743130227,0.135125448028674,36294,15017,0.413759850112966,250422_Day7RDam_DamLeo1_K27ac_FACS_rep1,TRUE,TRUE,3
162234,TTGACGAGTCGACTGC-1,34284,11141,304,4695,5228,0,1,12915,1,0,1375,0,0,0,1375,0,1954,3565,4.11112803634512,7.74233508826262e-05,0.151362650975534,57128,25857,0.452615179946786,250422_Day7RDam_DamLeo1_K27ac_FACS_rep1,TRUE,TRUE,3
162489,TTGAGCACAAGACACG-1,22816,5900,135,4441,2887,13,1,9439,1,0,977,0,0,0,977,0,1381,2582,3.97497199429807,0.000105932203389831,0.146398305084746,35906,15897,0.442739375034813,250422_Day7RDam_DamLeo1_K27ac_FACS_rep1,TRUE,TRUE,3
163371,TTGCACCTCGTGGCGT-1,29311,9773,299,3850,5231,2,3,10153,1,0,1129,0,0,0,1129,0,1663,3068,4.00663715906859,9.84833563127831e-05,0.163876304904471,48570,22766,0.468725550751493,250422_Day7RDam_DamLeo1_K27ac_FACS_rep1,TRUE,TRUE,3
164197,TTGCGAAAGTTGCGCC-1,44421,15029,417,6299,6536,0,2,16138,1,0,1677,0,0,0,1677,0,2443,4529,4.20787662159197,6.19617076646632e-05,0.151434413532437,73728,32591,0.442043728298611,250422_Day7RDam_DamLeo1_K27ac_FACS_rep1,TRUE,TRUE,3
166121,TTGTCTATCTCTGCGT-1,26416,8691,225,3756,3706,2,2,10034,1,0,959,0,0,0,959,0,1511,2768,4.0015173768235,9.96512207274539e-05,0.15067264573991,43926,20167,0.459113053772253,250422_Day7RDam_DamLeo1_K27ac_FACS_rep1,TRUE,TRUE,3
167138,TTTGAGGAGTCATACC-1,37453,12776,299,4758,5798,1,0,13821,1,0,1505,0,0,0,1505,0,2181,4021,4.14057088863295,7.23484300390682e-05,0.157864274345247,63520,28746,0.452550377833753,250422_Day7RDam_DamLeo1_K27ac_FACS_rep1,TRUE,TRUE,3
168550,TTTGTGTCAAGGGTAC-1,33213,11096,395,4329,5278,0,8,12107,1,0,1348,0,0,0,1348,0,1970,3623,4.08307241228453,8.25900231252065e-05,0.162784935579782,55546,25645,0.46168941057862,250422_Day7RDam_DamLeo1_K27ac_FACS_rep1,TRUE,TRUE,3
